Breed Name,Detailed Description Link,Dog Size,Dog Breed Group,Height,"Avg. Height, cm",Weight,"Avg. Weight, kg",Life Span,"Avg. Life Span, years",Adaptability,Adapts Well To Apartment Living,Good For Novice Owners,Sensitivity Level,Tolerates Being Alone,Tolerates Cold Weather,Tolerates Hot Weather,All Around Friendliness,Affectionate With Family,Kid-Friendly,Dog Friendly,Friendly Toward Strangers,Health And Grooming Needs,Amount Of Shedding,Drooling Potential,Easy To Groom,General Health,Potential For Weight Gain,Size,Trainability,Easy To Train,Intelligence,Potential For Mouthiness,Prey Drive,Tendency To Bark Or Howl,Wanderlust Potential,Physical Needs,Energy Level,Intensity,Exercise Needs,Potential For Playfulness
Afador,https://dogtime.com/dog-breeds/afador,Very Large,Mixed Breed Dogs,20 to 29 inches,62.23,50 to 75 pounds,28.12,10 to 12 years,11,2.4,1,1,3,3,4,2,3,4,2,3,1,3.2,4,3,2,3,4,4,3.6,1,5,4,4,4,4,4,4,4,4,3
Affenhuahua,https://dogtime.com/dog-breeds/affenhuahua,Small,Mixed Breed Dogs,6 to 12 inches,22.86,4 to 12 pounds,3.6,13 to 18 years,16,3,4,4,4,1,2,3,3,4,3,2,2,3.2,2,1,4,4,5,1,3.2,3,3,4,2,4,2,3.33,4,3,3,3
Affenpinscher,https://dogtime.com/dog-breeds/affenpinscher,Small,Companion Dogs,9 to 11 inches tall at the shoulder,25.4,7 to 9 pounds,3.6,12 to 14 years,13,3.2,5,4,3,1,3,3,3.33,5,1,4,3,2.4,1,1,3,4,3,1,3,2,4,4,3,2,2,3.33,4,3,3,4
Afghan Hound,https://dogtime.com/dog-breeds/afghan-hound,Very Large,Hound Dogs,24 to 26 inches tall at the shoulder,63.5,50 to 60 pounds,24.75,10 to 12 years,11,4,5,3,5,2,5,5,4.67,5,5,4,2,2,4,1,1,3,1,4,3,1,4,3,5,2,5,3.67,5,2,4,4
Airedale Terrier,https://dogtime.com/dog-breeds/airedale-terrier,Very Large,Terrier Dogs,21 to 23 inches tall at the shoulder,55.88,40 to 65 pounds,23.62,10 to 13 years,12,2.2,1,2,3,2,3,3,4,4,4,4,3,2.4,2,1,2,3,4,3,4.6,4,5,5,5,4,4,4.33,5,3,5,5
Akbash,https://dogtime.com/dog-breeds/akbash,Very Large,Working Dogs,27 to 34 inches,77.47,75 to 140 pounds,48.38,10 to 12 years,11,2.8,1,2,3,4,4,2,4,5,4,3,2,3.4,4,2,3,4,4,4,2.8,3,4,3,1,3,1,2,2,2,2,3
Akita,https://dogtime.com/dog-breeds/akita,Very Large,Working Dogs,24 inches to 28 tall at the shoulder,66.04,70 to 130 pounds,45,10 to 12 years,11,3,2,2,5,1,5,2,2.33,5,1,1,2,3.8,5,5,1,4,4,4,3.4,2,3,3,4,5,4,3.67,4,3,4,5
Akita Chow,https://dogtime.com/dog-breeds/akita-chow,Very Large,Mixed Breed Dogs,23 to 25 inches,60.96,88 to 145 pounds,52.42,10 to 12 years ,11,2.8,2,1,4,2,5,2,1,1,1,1,2,2.8,4,3,1,2,4,4,3,2,4,3,4,2,3,4,4,4,4,2
Akita Pit,https://dogtime.com/dog-breeds/akita-pit,Very Large,Mixed Breed Dogs,16 to 23 inches,49.53,30 to 70 pounds,22.5,10 to 12 years,11,2.6,3,1,2,4,3,3,3.33,4,3,3,2,3.6,3,3,4,4,4,4,3.4,3,4,3,4,3,1,3.33,3,4,3,3
Akita Shepherd,https://dogtime.com/dog-breeds/akita-shepherd,Very Large,Mixed Breed Dogs,24 to 28 inches,66.04,75 to 120 pounds,43.88,10 to 13 years,12,3,3,3,2,3,4,3,3.33,4,3,3,3,3,4,2,3,3,3,4,2.8,4,4,2,3,1,2,3.33,3,3,4,3
Alaskan Klee Kai,https://dogtime.com/dog-breeds/alaskan-klee-kai,Medium,Companion Dogs,13 to 17 inches,38.1,10 to 15 pounds,5.62,12 to 16 years,14,3.2,3,2,4,2,5,2,3,4,3,2,2,3.2,4,2,4,4,2,2,3.6,4,4,2,5,3,4,3.33,4,2,4,4
Alaskan Malamute,https://dogtime.com/dog-breeds/alaskan-malamute,Very Large,Working Dogs,23 to 25 inches tall at the shoulder,60.96,75 to 100 pounds,39.38,12 to 15 years,14,2.4,1,1,4,1,5,2,3,4,3,2,5,2.8,5,1,1,4,3,4,4,4,4,3,4,5,5,5,5,5,5,5
American Bulldog,https://dogtime.com/dog-breeds/american-bulldog,Very Large,Working Dogs,20 to 28 inches,60.96,60 to 120 pounds,40.5,10 to 16 years,13,1.8,1,1,4,1,2,2,3.67,5,4,2,2,2.8,1,4,4,3,2,4,3,4,3,2,4,2,3,4,4,4,4,4
American English Coonhound,https://dogtime.com/dog-breeds/american-english-coonhound,Very Large,Hound Dogs,23 to 26 inches tall at the shoulder,62.23,40 to 75 pounds,25.88,10 to 12 years,11,2.8,1,2,5,2,4,4,4.67,5,5,4,5,3.2,3,1,5,4,3,3,4.4,5,4,3,5,5,5,5,5,5,5,5
American Eskimo Dog,https://dogtime.com/dog-breeds/american-eskimo-dog,Large,Companion Dogs,15 to 19 inches tall at the shoulder,43.18,Starts at 30 pounds,13.5,12 to 15 years,14,4,5,4,4,2,5,3,5,5,5,5,4,3.6,5,1,3,5,4,2,3.8,5,4,3,3,4,3,4,5,3,4,5
American Foxhound,https://dogtime.com/dog-breeds/american-foxhound,Very Large,Hound Dogs,21 to 25 inches tall at the shoulder,58.42,40 to 60 pounds,22.5,12 to 13 years,12,2,1,2,2,1,4,4,4.67,4,5,5,4,3.8,3,1,5,5,5,3,3.4,2,3,3,4,5,5,4.67,5,4,5,5
American Hairless Terrier,https://dogtime.com/dog-breeds/american-hairless-terrier,Medium,Terrier Dogs,12 to 16 inches,35.56,10 to 16 pounds,5.85,13 to 16 years,14,2.6,4,3,3,2,1,3,3.67,4,4,3,3,3,1,1,5,4,4,2,3.4,3,4,3,4,3,3,3.33,4,3,3,5
American Leopard Hound,https://dogtime.com/dog-breeds/american-leopard-hound,Very Large,Hound Dogs,21 to 27 Inches.,60.96,35 to 75 pounds. ,24.75,12 to 15 years. ,14,3.2,2,4,3,3,4,4,4.33,5,4,4,3,2.8,2,2,4,4,2,4,3.8,4,4,3,4,4,4,3.67,4,3,4,4
American Pit Bull Terrier,https://dogtime.com/dog-breeds/american-pit-bull-terrier,Very Large,Terrier Dogs,17 to 19 inches tall at the shoulder,45.72,30 to 85 pounds,25.88,12 to 16 years,14,2.4,3,2,4,1,2,3,3.67,5,5,1,5,3.4,4,1,5,4,3,3,3.8,4,4,5,3,3,4,4.33,4,5,4,5
American Pugabull,https://dogtime.com/dog-breeds/american-pugabull,Very Large,Mixed Breed Dogs,12 to 20 inches,40.64,25 to 70 pounds ,21.38,12 to 14 years ,13,2.6,3,3,4,1,2,3,4,5,4,3,3,3,3,3,4,2,3,3,3.2,3,3,2,4,4,2,3.67,4,4,3,5
American Staffordshire Terrier,https://dogtime.com/dog-breeds/american-staffordshire-terrier,Very Large,Terrier Dogs,16 to 19 inches,44.45,40 to 60 pounds,22.5,10 to 15 years,12,2.2,2,2,3,2,2,3,3.33,4,4,2,4,2.8,2,3,4,3,2,3,4,4,4,5,3,4,3,3.67,3,5,3,4
American Water Spaniel,https://dogtime.com/dog-breeds/american-water-spaniel,Large,Sporting Dogs,15 to 18 tall at the shoulder,41.91,25 to 45 pounds,15.75,12 to 15 years,14,2.4,2,2,5,1,2,4,4,5,5,2,3,2.6,3,1,3,3,3,3,3.4,4,3,5,2,3,5,4,5,2,5,5
Anatolian Shepherd Dog,https://dogtime.com/dog-breeds/anatolian-shepherd-dog,Very Large,Working Dogs,23 to 29 tall at the shoulder,66.04,80 to 150 pounds,51.75,11 to 13 years,12,3,1,2,4,3,5,3,2.33,3,2,2,1,3,2,3,4,3,3,5,2.8,4,4,2,2,2,4,3,3,3,3,3
Appenzeller Sennenhunde,https://dogtime.com/dog-breeds/appenzeller-sennenhunde,Very Large,Herding Dogs,19 to 22 inches tall at the shoulder,52.07,48 to 55 pounds,23.18,9 to 12 years,10,2.6,1,3,3,1,5,4,4.33,5,5,3,2,3.2,3,1,5,4,3,3,4.2,4,4,5,3,5,3,4.33,4,4,5,4
Auggie,https://dogtime.com/dog-breeds/auggie,Large,Mixed Breed Dogs,10 to 13 inches,29.21,20 to 30 pounds,11.25,12 to 15 years,14,3.2,2,3,4,3,4,3,5,5,5,5,4,2.8,4,1,2,3,4,3,4,5,5,3,3,4,3,4.67,5,4,5,5
Aussiedoodle,https://dogtime.com/dog-breeds/aussiedoodle,Very Large,Mixed Breed Dogs,10 to 15 inches,31.75,25 to 70 pounds,21.38,10 to 13 years,12,2.6,2,3,3,2,3,3,4.33,5,4,4,4,3.6,3,4,3,4,4,3,3.6,5,5,3,3,2,3,4.67,5,4,5,5
Aussiepom,https://dogtime.com/dog-breeds/aussiepom,Medium,Mixed Breed Dogs,11 to 17 inches,35.56,10 to 30 pounds,9,12 to 15 years,14,2.6,3,2,3,2,3,3,3.67,4,3,4,4,3,3,2,2,4,4,3,3.4,4,4,4,2,3,2,4,5,3,4,5
Australian Cattle Dog,https://dogtime.com/dog-breeds/australian-cattle-dog,Large,Herding Dogs,17 to 20 inches tall at the shoulder,46.99,30 to 50 pounds,18,12 to 15 years,14,2.8,2,1,4,3,4,4,4,5,3,4,2,3.4,3,1,4,5,4,3,4.2,5,5,5,4,2,4,5,5,5,5,5
Australian Kelpie,https://dogtime.com/dog-breeds/australian-kelpie,Large,Herding Dogs,15 to 20 inches,44.45,25 to 46 pounds,15.98,10 to 15 years,12,2.6,2,2,4,2,3,5,3,4,2,3,2,2.6,3,1,4,3,2,3,4.6,5,5,5,4,4,4,4.33,5,3,5,4
Australian Retriever,https://dogtime.com/dog-breeds/australian-retriever,Large,Mixed Breed Dogs,19 to 23 inches,53.34,25 to 60 pounds,19.12,12 to 15 years,14,2.8,1,4,3,2,4,4,3.67,4,4,3,3,3.2,3,2,3,4,4,4,3,4,4,2,3,2,4,4.33,5,3,5,4
Australian Shepherd,https://dogtime.com/dog-breeds/australian-shepherd,Very Large,Herding Dogs,18 to 23 inches tall at the shoulder,52.07,40 to 65 pounds,23.62,12 to 15 years,14,2.8,1,2,5,2,4,4,4.67,5,4,5,3,2.2,3,1,1,2,4,3,4.4,5,5,4,4,4,5,4.67,5,4,5,5
Australian Shepherd Husky,https://dogtime.com/dog-breeds/australian-shepherd-husky,Very Large,Mixed Breed Dogs,18 to 25 inches,54.61,40 to 65 pounds,23.62,12 to 15 years,14,2.6,1,2,4,1,5,4,3.33,5,3,2,2,3.2,4,2,3,3,4,4,4.2,4,5,3,4,5,5,5,5,5,5,5
Australian Shepherd Lab Mix,https://dogtime.com/dog-breeds/australian-shepherd-lab-mix,Very Large,Mixed Breed Dogs,22 to 25 inches ,59.69,40 to 80 pounds,27,12 to 15 years ,14,3.6,2,2,5,4,5,4,4,4,4,4,4,3.4,4,2,4,4,3,4,4,5,5,4,3,3,5,5,5,5,5,5
Australian Shepherd Pit Bull Mix,https://dogtime.com/dog-breeds/australian-shepherd-pit-bull-mix,Very Large,Mixed Breed Dogs,17 to 23 inches,50.8,30 to 85 pounds,25.88,10 to 16 years,13,2.6,2,3,3,2,3,3,3.67,4,4,3,3,3.6,4,2,3,4,5,4,3.4,4,4,3,4,2,3,3.67,4,3,4,4
Australian Stumpy Tail Cattle Dog,https://dogtime.com/dog-breeds/australian-stumpy-tail-cattle-dog,Large,Herding Dogs,17 to 20 inches,46.99,35 to 51 pounds,19.35,13 to 15 years,14,2.4,1,2,3,2,4,4,2.67,3,3,2,2,3.4,4,2,3,4,4,3,3,3,4,3,3,2,4,4.67,5,4,5,3
Australian Terrier,https://dogtime.com/dog-breeds/australian-terrier,Medium,Terrier Dogs,10 to 11 inches tall at the shoulder,26.67,14 to 16 pounds,6.75,Up to 15 years,15,3,5,3,2,2,3,4,3,4,3,2,3,3,1,1,5,5,3,1,3.6,3,4,1,5,5,4,4.67,5,5,4,5
Azawakh,https://dogtime.com/dog-breeds/azawakh,Large,Hound Dogs,23 to 27 inches tall at the shoulder,63.5,33 to 55 pounds,19.8,12 to 15 years,14,2.8,5,2,3,3,1,5,3,4,2,3,2,3,3,1,5,3,3,4,2.8,3,3,3,4,1,2,3,3,2,4,3
Barbet,https://dogtime.com/dog-breeds/barbet,Very Large,Sporting Dogs,20 to 25 inches tall at the shoulder,57.15,37 to 62 pounds,22.28,13 to 15 years,14,2.6,3,2,3,1,4,4,4.33,5,4,4,3,2.2,2,1,1,4,3,3,3.2,4,4,2,3,3,3,3.67,5,3,3,4
Basenji,https://dogtime.com/dog-breeds/basenji,Medium,Hound Dogs,16 to 17 inches tall at the shoulder,41.91,22 to 24 pounds,10.35,10 to 12 years,11,3.4,5,4,3,4,1,4,4.67,5,5,4,5,2.2,1,1,5,2,2,2,3.2,1,4,5,5,1,5,3.67,5,1,5,2
Bassador,https://dogtime.com/dog-breeds/bassador,Very Large,Mixed Breed Dogs,13 to 20 inches,41.91,45 to 70 pounds,25.88,10 to 12 years,11,2.8,2,2,3,3,4,4,3,3,3,3,3,3.6,5,4,3,3,3,4,2.8,2,3,2,4,3,3,3,3,2,4,3
Basset Fauve de Bretagne,https://dogtime.com/dog-breeds/basset-fauve-de-bretagne,Large,Hound Dogs,12 to 15 inches. ,34.29,25 to 35 pounds. ,13.5,12 to 15 years. ,14,3.4,4,4,3,3,3,1,4.33,5,4,4,3,2.6,2,1,4,5,1,2,3.2,3,5,3,3,2,1,3.33,4,2,4,3
Basset Hound,https://dogtime.com/dog-breeds/basset-hound,Very Large,Hound Dogs,Up to 14 inches tall at the shoulder,35.56,50 to 65 pounds,25.88,10 to 12 years,11,3.6,5,4,4,3,2,2,5,5,5,5,5,3.8,4,4,5,1,5,3,3.6,2,4,3,5,4,5,2,2,2,2,2
Basset Retriever,https://dogtime.com/dog-breeds/basset-retriever,Very Large,Mixed Breed Dogs,10 to 14 inches,30.48,40 to 70 pounds,24.75,10 to 12 years,11,2.8,3,3,2,2,4,4,3.67,4,4,3,4,3.2,2,2,4,4,4,3,3.8,4,5,3,5,2,4,3.33,4,2,4,4
Bavarian Mountain Scent Hound,https://dogtime.com/dog-breeds/bavarian-mountain-scent-hound,Very Large,Hound Dogs,17 to 20 inches.,46.99,44 to 55 pounds. ,22.28,10 to 14 years. ,12,2.2,2,3,2,2,2,3,4,5,4,3,2,2.4,1,2,3,4,2,3,3,3,4,2,4,2,2,3.33,4,2,4,4
Beabull,https://dogtime.com/dog-breeds/beabull,Very Large,Mixed Breed Dogs,12 to 16 inches,35.56,30 to 60 pounds,20.25,10 to 13 years,12,3.4,4,3,4,4,2,2,4.67,5,5,4,3,3.8,4,3,5,3,4,3,3.6,3,3,4,4,4,4,3.33,3,4,3,5
Beagle,https://dogtime.com/dog-breeds/beagle,Medium,Hound Dogs,13 to 15 inches tall at the shoulder,35.56,18 to 30 pounds,10.8,10 to 15 years,12,2.8,4,3,4,1,2,4,5,5,5,5,5,2.8,3,1,4,1,5,2,3.6,1,4,3,5,5,5,4.33,4,5,4,5
Beaglier,https://dogtime.com/dog-breeds/beaglier,Medium,Mixed Breed Dogs,12 to 16 inches ,35.56,10 to 20 pounds,6.75,10 to 15 years ,12,3.2,5,4,4,1,2,3,5,5,5,5,5,3,3,1,4,2,5,2,3.2,2,4,3,3,4,4,3.33,3,3,4,5
Bearded Collie,https://dogtime.com/dog-breeds/bearded-collie,Very Large,Herding Dogs,20 to 22 inches tall at the shoulder,53.34,45 to 55 pounds,22.5,12 to 14 years,13,3.4,3,4,4,2,4,3,4.67,5,4,5,4,2.8,4,1,2,3,4,3,3.6,5,4,3,3,3,5,4,4,4,4,5
Bedlington Terrier,https://dogtime.com/dog-breeds/bedlington-terrier,Medium,Terrier Dogs,15 to 16 inches tall at the shoulder,39.37,17 to 23 pounds,9,14 to 16 years,15,3.6,4,4,3,3,4,3,4.33,5,4,4,5,2.8,5,1,1,4,3,3,4,3,5,4,5,3,4,3.33,4,2,4,5
Belgian Laekenois,https://dogtime.com/dog-breeds/belgian-laekenois,Very Large,Herding Dogs,22 to 26 inches,60.96,44 to 66 pounds,24.75,10 to 12 years,11,2.6,3,3,2,2,3,3,4,4,4,4,3,3.2,3,3,4,3,3,4,3,3,4,2,4,2,3,3.67,4,3,4,4
Belgian Malinois,https://dogtime.com/dog-breeds/belgian-malinois,Very Large,Herding Dogs,22 to 26 inches tall at the shoulder,60.96,40 to 80 pounds,27,12 to 14 years,13,3.2,1,3,5,3,4,4,3.67,5,4,2,3,2.8,2,1,5,4,2,4,3.8,5,5,3,4,2,3,4.67,5,4,5,5
Belgian Sheepdog,https://dogtime.com/dog-breeds/belgian-sheepdog,Very Large,Herding Dogs,22 to 26 inches tall at the shoulder,60.96,60 to 75 pounds,30.38,10 to 12 years,11,3.6,3,3,5,3,4,3,4.67,4,5,5,4,2.8,5,1,3,3,2,4,3.6,5,5,2,5,1,4,4.33,5,3,5,5
Belgian Tervuren,https://dogtime.com/dog-breeds/belgian-tervuren,Very Large,Herding Dogs,21 to 26 inches tall at the shoulder,59.69,40 to 70 pounds,24.75,10 to 12 years,11,3.2,3,3,5,1,4,3,3.33,4,3,3,3,2.6,4,1,3,3,2,4,3.8,5,5,2,2,5,4,4,5,3,4,5
Bergamasco Sheepdog,https://dogtime.com/dog-breeds/bergamasco-sheepdog,Very Large,Herding Dogs,20 to 24 inches,55.88,55 to 85 pounds,31.5,13 to 15 years,14,3.2,3,4,2,3,4,3,4.33,4,5,4,4,2.8,2,1,4,5,2,3,3,3,5,2,2,3,3,3,4,2,3,4
Berger Picard,https://dogtime.com/dog-breeds/berger-picard,Very Large,Herding Dogs,21 inches to 25 inches tall at the shoulder,58.42,50 to 70 pounds,27,13 to 14 years,14,3.8,3,4,5,3,4,3,4.33,5,5,3,2,3.6,4,1,5,5,3,4,3,4,4,2,3,2,2,4.33,5,3,5,5
Bernedoodle,https://dogtime.com/dog-breeds/bernedoodle,Very Large,Mixed Breed Dogs,From 10 to 29 inches tall at the shoulder. as sizes vary from tiny to standard,49.53,From 10 to 90 pounds,22.5,12 to 18 years. Tiny Bernedoodles tend to live longer than standard.,15,3.4,3,3,4,2,5,3,4.67,5,5,4,3,2.6,1,2,3,4,3,3,3.8,4,5,4,3,3,3,3.33,4,3,3,5
Bernese Mountain Dog,https://dogtime.com/dog-breeds/bernese-mountain-dog,Very Large,Working Dogs,23 to 28 inches,64.77,70 to 115 pounds,41.62,6 to 10 years,8,2.6,1,2,4,1,5,1,4.33,5,5,3,5,3.4,5,4,3,1,4,5,4.4,4,4,5,5,4,3,3.33,4,3,3,4
Bichon Frise,https://dogtime.com/dog-breeds/bichon-frise,Small,Companion Dogs,9 to 11 inches tall at the shoulder,25.4,7 to 12 pounds,4.28,12 to 15 years,14,3.8,5,5,5,1,3,4,4.33,5,4,4,5,2.4,2,1,1,4,4,2,3.6,5,4,3,4,2,2,3.67,5,3,3,5
Biewer Terrier,https://dogtime.com/dog-breeds/biewer-terrier,Very Small,Terrier Dogs,7 to 11 inches,22.86,4 to 8 pounds,2.7,12 to 15 years,14,3.2,5,3,3,3,2,3,4,5,4,3,3,2.6,1,1,4,4,3,1,2.8,3,4,3,1,3,1,3.67,5,3,3,4
Black and Tan Coonhound,https://dogtime.com/dog-breeds/black-and-tan-coonhound,Very Large,Hound Dogs,23 to 27 inches tall at the shoulder,63.5,75 to 100 pounds,39.38,10 to 12 years,11,2.4,1,2,3,2,4,4,5,5,5,5,5,4.4,5,3,4,5,5,3,3.6,2,5,1,5,5,5,5,5,5,5,5
Black Mouth Cur,https://dogtime.com/dog-breeds/black-mouth-cur,Very Large,Working Dogs,16 to 25 inches,52.07,40 to 95 pounds,30.38,12 to 18 years,15,2.4,1,2,4,2,3,3,4.33,5,5,3,3,3.2,3,2,5,4,2,4,3.8,3,4,3,5,4,4,4,4,3,5,4
Black Russian Terrier,https://dogtime.com/dog-breeds/black-russian-terrier,Very Large,Working Dogs,26 to 28 inches at the shoulder,68.58,80 to 140 pounds,49.5,10 to 11 years,10,3,3,2,4,2,4,3,3.67,4,5,2,2,2.8,3,3,2,3,3,5,3.4,4,4,4,2,3,3,4,3,5,4,5
Bloodhound,https://dogtime.com/dog-breeds/bloodhound,Very Large,Hound Dogs,23 to 27 inches ttall at the shoulder,63.5,80 to 110 pounds,42.75,11 to 15 years,13,2.4,1,2,4,2,3,3,5,5,5,5,5,3.2,4,5,1,3,3,4,3.8,3,4,5,3,4,5,4.67,5,4,5,3
Blue Lacy,https://dogtime.com/dog-breeds/blue-lacy,Large,Working Dogs,17 to 25 inches,53.34,25 to 50 pounds,16.88,12 to 16 years,14,2.4,1,1,4,2,4,5,3,4,3,2,2,3.2,3,2,5,4,2,3,4.8,5,5,4,5,5,4,5,5,5,5,4
Bluetick Coonhound,https://dogtime.com/dog-breeds/bluetick-coonhound,Very Large,Hound Dogs,23 to 30 inches tall at the shoulder,67.31,45 to 100 pounds,32.62,10 to 12 years,11,2.8,2,2,5,2,3,3,4.33,5,5,3,3,3.2,2,2,5,4,3,3,3.4,2,4,3,4,4,5,4.67,5,4,5,5
Bocker,https://dogtime.com/dog-breeds/bocker,Large,Mixed Breed Dogs,12 to 15 inches ,34.29,20 to 30 pounds ,11.25,12 to 15 years ,14,3.4,5,3,5,1,3,4,4.33,5,4,4,4,2.8,3,1,3,3,4,2,4.4,4,4,4,5,5,5,3.67,4,3,4,4
Boerboel,https://dogtime.com/dog-breeds/boerboel,Very Large,Working Dogs,22 to 28 inches,63.5,110 to 200 pounds,69.75,10 to 12 years,11,2,1,1,3,2,3,4,3.33,4,4,2,2,3.6,3,4,4,4,3,5,3,2,4,3,3,3,4,3.67,3,4,4,4
Boglen Terrier,https://dogtime.com/dog-breeds/boglen-terrier,Large,Mixed Breed Dogs,12 to 17 inches ,36.83,10 to 40 pounds,11.25,10 to 15 years ,12,3.2,4,4,4,2,2,3,5,5,5,5,5,2.6,2,1,4,3,3,2,3.2,2,2,4,4,4,5,4.33,4,5,4,5
Bohemian Shepherd,https://dogtime.com/dog-breeds/bohemian-shepherd,Very Large,Herding Dogs,19 to 22 inches,52.07,35 to 60 pounds,21.38,10 to 15 years,12,3,2,3,4,2,4,3,4,4,4,4,3,3.2,4,1,4,4,3,3,3,4,5,2,2,2,3,3.67,4,3,4,5
Bolognese,https://dogtime.com/dog-breeds/bolognese,Small,Companion Dogs,9 to 12 inches tall at the shoulder,26.67,8 to 14 pounds,4.95,12 to 14 years,13,3.4,5,3,5,2,2,3,5,5,5,5,5,2.2,1,1,1,5,3,1,4.4,5,4,4,5,4,1,3.33,3,3,4,3
Borador,https://dogtime.com/dog-breeds/borador,Very Large,Hybrid Dogs,19 to 24 inches,54.61,40 to 65 pounds,23.62,10 to 15 years,12,2.6,3,3,2,2,3,3,4.33,5,4,4,4,3.4,4,3,3,3,4,4,3.4,4,5,3,3,2,3,3.67,4,3,4,5
Border Collie,https://dogtime.com/dog-breeds/border-collie,Large,Herding Dogs,18 to 22 inches tall at the shoulder,50.8,30 to 45 pounds,16.88,12 to 15 years,14,2.8,2,2,5,1,4,4,4,5,4,3,5,2.4,3,1,3,2,3,3,3.6,5,5,3,3,2,3,4.33,5,3,5,5
Border Sheepdog,https://dogtime.com/dog-breeds/border-sheepdog,Large,Mixed Breed Dogs,16 to 22 inches,48.26,25 to 45 pounds,15.75,12 to 15 years,14,2.6,2,3,2,2,4,2,4,5,4,3,3,2.6,3,1,3,4,2,3,4,4,5,4,3,4,2,4.33,5,3,5,4
Border Terrier,https://dogtime.com/dog-breeds/border-terrier,Medium,Terrier Dogs,10 to 11 inches tall at the shoulder,26.67,11 to 15 pounds,5.85,12 to 15 years,14,3,4,3,3,1,4,3,3.67,5,4,2,5,3,3,1,2,4,5,2,3.8,3,5,5,5,1,4,4.33,4,4,5,5
Bordoodle,https://dogtime.com/dog-breeds/bordoodle,Very Large,Mixed Breed Dogs,12 to 22 inches,43.18,30 to 60 pounds,20.25,12 to 15 years,14,3.6,4,4,3,3,4,4,4,4,5,3,2,3,2,2,4,4,3,3,3.2,4,5,3,2,2,3,2.67,3,2,3,4
Borzoi,https://dogtime.com/dog-breeds/borzoi,Very Large,Hound Dogs,26 to 32 inches tall at the shoulder,73.66,55 to 105 pounds,36,10 to 12 years,11,3.6,5,3,5,1,4,3,3.67,4,3,4,4,3.2,5,1,4,4,2,5,3.4,3,4,3,5,2,4,2,2,2,2,3
BoShih,https://dogtime.com/dog-breeds/boshih,Medium,Mixed Breed Dogs,12 to 15 inches ,34.29,10 to 20 pounds,6.75,12 to 15 years ,14,3,5,4,3,1,2,2,3,4,2,3,4,2.8,2,1,5,3,3,2,1.8,2,3,1,1,2,2,2.67,3,2,3,5
Bossie,https://dogtime.com/dog-breeds/bossie,Large,Mixed Breed Dogs,15 to 23 inches,48.26,25 to 40 pounds,14.62,12 to 15 years ,14,3,2,2,3,5,3,3,4,4,4,4,4,2.4,2,1,3,3,3,3,3.4,4,4,3,3,3,5,4.33,4,4,5,5
Boston Boxer,https://dogtime.com/dog-breeds/boston-boxer,Large,Mixed Breed Dogs,15 to 23 inches,48.26,22 to 55 pounds,17.32,12 to 15 years,14,3,4,3,3,2,3,3,4,4,4,4,2,3.6,3,3,4,4,4,3,3.2,3,4,3,3,3,2,3.67,4,3,4,5
Boston Terrier,https://dogtime.com/dog-breeds/boston-terrier,Medium,Companion Dogs,12 to 15 inches tall at the shoulder,34.29,10 to 25 pounds,7.88,13 to 15 years,14,4,5,4,5,3,3,2,4.67,4,5,5,4,3,2,1,5,4,3,2,3,4,4,2,2,3,5,4.33,4,5,4,5
Boston Terrier Pekingese Mix,https://dogtime.com/dog-breeds/boston-terrier-pekingese-mix,Medium,Mixed Breed Dogs,10 to 15 inches,31.75,10 to 25 pounds,7.88,10 to 15 years,12,2.8,4,3,3,2,2,2,3.67,4,4,3,3,3.2,2,2,4,4,4,1,3,2,4,3,2,4,2,3,3,3,3,4
Bouvier des Flandres,https://dogtime.com/dog-breeds/bouvier-des-flandres,Very Large,Herding Dogs,23 to 26 inches tall at the shoulder,62.23,70 to 100 pounds,38.25,10 to 12 years,11,3,3,2,4,2,4,2,4,5,5,2,2,2.2,1,1,2,3,4,4,3.4,5,4,2,2,4,2,4.33,4,5,4,4
Boxador,https://dogtime.com/dog-breeds/boxador,Very Large,Mixed Breed Dogs,23 to 25 inches,60.96,50 to 110 pounds,36,12 to 15 years,14,2,2,2,3,1,2,2,4.33,5,4,4,4,3.4,4,2,5,2,4,4,3.6,5,5,3,2,3,3,5,5,5,5,5
Boxer,https://dogtime.com/dog-breeds/boxer,Very Large,Working Dogs,21 to 25 inches at the shoulder,58.42,60 to 70 pounds,29.25,10 to 12 years,11,2.8,4,3,4,1,2,1,4,5,4,3,4,3.4,4,2,5,2,4,3,3.2,4,4,2,3,3,3,5,5,5,5,5
Boxerdoodle,https://dogtime.com/dog-breeds/boxerdoodle,Large,Mixed Breed Dogs,10 to 25 inches,44.45,12 to 70 pounds,18.45,10 to 12 years,11,2.4,1,3,3,2,3,3,3.67,4,3,4,3,2.8,2,2,3,3,4,3,3,4,4,2,3,2,4,4,4,4,4,5
Boxmatian,https://dogtime.com/dog-breeds/boxmatian,Very Large,Mixed Breed Dogs,19 to 25 inches,55.88,50 to 90 pounds,31.5,10 to 13 years,12,2,1,2,3,2,2,4,3,4,3,2,1,3.4,3,2,3,5,4,5,3.4,3,4,4,3,3,4,4.67,5,4,5,4
Boxweiler,https://dogtime.com/dog-breeds/boxweiler,Very Large,Mixed Breed Dogs,21 to 27 inches,60.96,70 to 100 pounds,38.25,8 to 13 years,10,2.8,2,3,4,2,3,2,4.33,5,4,4,2,3,3,2,3,3,4,4,3,4,4,2,2,3,1,3.67,4,3,4,4
Boykin Spaniel,https://dogtime.com/dog-breeds/boykin-spaniel,Large,Sporting Dogs,14 to 18 inches tall at the shoulder,40.64,25 to 40 pounds,14.62,10 to 12 years,11,2.8,1,3,4,3,3,4,4.67,5,5,4,3,2.4,4,1,1,2,4,3,3.4,4,4,4,2,3,4,5,5,5,5,4
Bracco Italiano,https://dogtime.com/dog-breeds/bracco-italiano,Very Large,Sporting Dogs,22 to 26 inches,60.96,55 to 90 pounds,32.62,10 to 14 years,12,2.6,1,2,4,3,3,3,4.67,5,4,5,3,3,3,2,5,2,3,4,3.2,3,4,2,5,2,3,4.33,4,4,5,4
Braque du Bourbonnais,https://dogtime.com/dog-breeds/braque-du-bourbonnais,Very Large,Working Dogs,18 to 23 inches.,52.07,35 to 55 pounds.,20.25,12 to 15 years. ,14,2.2,1,3,3,2,2,3,4.33,5,4,4,4,2.4,2,1,4,4,1,3,3.6,4,4,3,4,3,2,4,5,2,5,3
Briard,https://dogtime.com/dog-breeds/briard,Very Large,Herding Dogs,22 to 27 inches tall at the shoulder,62.23,70 to 100 pounds,38.25,10 to 12 years,11,3.4,3,3,4,3,4,3,4.67,4,5,5,2,1.8,1,1,1,3,3,4,3.4,4,4,2,3,4,5,4,4,4,4,4
Brittany,https://dogtime.com/dog-breeds/brittany,Large,Sporting Dogs,17 inches to 20 inches tall at the shoulder,46.99,30 to 40 pounds,15.75,10 to 13 years,12,2.8,1,3,5,1,4,3,5,5,5,5,4,3.6,3,5,3,4,3,3,3.8,3,5,3,5,3,4,4.33,5,3,5,5
Broholmer,https://dogtime.com/dog-breeds/broholmer,Very Large,Companion Dogs,22 to 30 inches.,66.04,90 to 150 pounds. ,54,8 to 12 years. ,10,3,2,4,3,3,3,3,4,5,4,3,3,3.2,3,2,4,4,3,5,3.2,4,4,3,2,3,2,3,3,3,3,3
Brussels Griffon,https://dogtime.com/dog-breeds/brussels-griffon,Small,Companion Dogs,7 to 8 inches tall at the shoulder,19.05,7 to 12 pounds,4.28,12 to 15 years,14,2.8,5,2,5,1,1,2,4.33,5,4,4,3,3,3,3,3,3,3,1,3,3,4,3,1,4,5,4,5,3,4,5
Bugg,https://dogtime.com/dog-breeds/bugg,Medium,Mixed Breed Dogs,14 to 18 inches,40.64,10 to 25 pounds,7.88,10 to 15 years,12,3.2,5,4,3,2,2,3,3,4,3,2,3,3.2,2,2,4,4,4,2,3.6,3,4,4,3,4,2,3,4,3,2,4
Bull Arab,https://dogtime.com/dog-breeds/bull-arab,Very Large,Hybrid Dogs,24 to 27 inches,64.77,60 to 95 pounds,34.88,12 to 15 years,14,2.4,2,1,2,3,4,4,2.33,3,3,1,2,3,2,2,4,4,3,4,3.2,2,4,3,5,2,4,4.33,4,5,4,2
Bull-Pei,https://dogtime.com/dog-breeds/bull-pei,Very Large,Mixed Breed Dogs,16 to 18 inches,43.18,35 to 65 pounds ,22.5,9 to 11 years ,10,2.6,4,2,3,3,1,1,2.33,3,2,2,2,3.6,4,3,4,3,4,3,2.6,3,2,4,2,2,1,2,2,2,2,2
Bull Terrier,https://dogtime.com/dog-breeds/bull-terrier,Very Large,Terrier Dogs,21 to 22 inches tall at the shoulder,54.61,35 to 75 pounds,24.75,10 to 15 years,12,3,4,3,5,2,1,4,4.67,5,5,4,5,3.6,3,1,5,4,5,2,3.6,5,4,4,4,1,5,4.67,4,5,5,5
Bullador,https://dogtime.com/dog-breeds/bullador,Very Large,Mixed Breed Dogs,17 to 20 inches ,46.99,50 to 90 pounds,31.5,10 to 12 years ,11,2.4,2,2,4,2,2,2,4,4,4,4,4,4,4,4,4,3,5,4,3.6,4,4,2,4,4,3,4,4,4,4,4
Bullboxer Pit,https://dogtime.com/dog-breeds/bullboxer-pit,Very Large,Mixed Breed Dogs,16 to 20 inches,45.72,50 to 80 pounds,29.25,10 to 14 years,12,2,1,2,3,2,2,2,3.33,4,4,2,2,4,4,4,4,4,4,3,3.8,2,4,4,5,4,3,5,5,5,5,4
Bulldog,https://dogtime.com/dog-breeds/bulldog,Very Large,Companion Dogs,12 to 15 inches tall at the shoulder,34.29,40 to 50 pounds,20.25,8 to 12 years,10,3.4,5,4,4,3,1,1,3.67,5,4,2,5,4.4,3,5,5,4,5,2,2.6,3,2,2,2,4,1,2.67,2,3,3,4
Bullmastiff,https://dogtime.com/dog-breeds/bullmastiff,Very Large,Working Dogs,24 to 27 inches at the shoulder,64.77,100 to 130 pounds,51.75,8 to 10 years,9,3,3,2,4,2,4,2,4.67,5,5,4,3,3.6,1,5,5,2,5,5,3.2,3,3,3,3,4,3,3,2,4,3,5
Bullmatian,https://dogtime.com/dog-breeds/bullmatian,Very Large,Mixed Breed Dogs,11 to 24 inches,44.45,41 to 65 pounds,23.85,8 to 12 years,10,2.2,2,1,3,3,2,2,4.33,4,5,4,3,3.4,2,3,4,4,4,3,2.6,1,4,3,3,2,3,4.33,5,4,4,4
Cairn Terrier,https://dogtime.com/dog-breeds/cairn-terrier,Medium,Terrier Dogs,9 to 10 inches tall at the shoulder,24.13,13 to 14 pounds,6.08,12 to 15 years,14,3.4,5,4,3,1,4,4,4.67,5,5,4,4,3.2,3,1,5,4,3,1,3.6,2,5,3,4,4,3,4.33,5,4,4,5
Canaan Dog,https://dogtime.com/dog-breeds/canaan-dog,Very Large,Herding Dogs,19 to 24 inches tall at the shoulder,54.61,35 to 55 pounds,20.25,12 to 15 years,14,3.2,4,2,4,3,3,5,3,4,2,3,2,3.4,4,1,5,5,2,3,3.6,5,4,3,3,3,2,3.33,4,3,3,4
Cane Corso,https://dogtime.com/dog-breeds/cane-corso,Very Large,Working Dogs,23 inches to 27 inches tall at the shoulder,63.5,90 to 120 pounds,47.25,10 to 12 years,11,1.8,1,1,3,1,3,4,3,4,2,3,2,3.8,3,4,5,3,4,4,3.8,4,5,2,5,3,2,4,4,3,5,2
Cardigan Welsh Corgi,https://dogtime.com/dog-breeds/cardigan-welsh-corgi,Large,Herding Dogs,10 inches to 12 inches tall at the shoulder,27.94,25 to 38 pounds,14.18,12 to 15 years,14,3.8,4,4,4,3,4,3,4,5,4,3,3,3.2,4,1,3,4,4,2,3.8,4,5,2,4,4,3,3,3,3,3,4
Carolina Dog,https://dogtime.com/dog-breeds/carolina-dog,Large,Hound Dogs,18 to 20 inches at the shoulder,48.26,33 to 55 pounds,19.8,12 to 15 years,14,2.2,2,2,2,1,4,4,3.33,2,3,5,2,3.8,4,2,4,5,4,3,2.8,2,4,2,5,1,3,4.33,4,5,4,3
Catahoula Bulldog,https://dogtime.com/dog-breeds/catahoula-bulldog,Very Large,Mixed Breed Dogs,24 to 26 inches,63.5,75 to 100 pounds,39.38,10 to 14 years,12,1.6,1,1,2,3,1,5,3,4,3,2,1,2.8,1,1,5,4,3,4,3.4,2,3,4,5,3,3,5,5,5,5,4
Catahoula Leopard Dog,https://dogtime.com/dog-breeds/catahoula-leopard-dog,Very Large,Herding Dogs,20 to 26 inches tall at the shoulder,58.42,50 to 90 pounds,31.5,10 to 14 years,12,1.8,1,1,2,2,3,3,3,5,3,1,1,3,3,1,5,3,3,4,2.4,2,3,3,1,3,3,4,4,3,5,2
Caucasian Shepherd Dog,https://dogtime.com/dog-breeds/caucasian-shepherd-dog,Very Large,Working Dogs,24 to 34 inches,73.66,80 to 220 pounds,67.5,10 to 12 years,11,2.6,2,1,2,3,5,2,2.67,4,2,2,2,3.4,4,4,2,3,4,5,3.2,2,4,4,3,3,2,2.67,2,4,2,3
Cav-a-Jack,https://dogtime.com/dog-breeds/cav-a-jack,Medium,Mixed Breed Dogs,10 to 17 inches,34.29,13 to 18 pounds,6.98,12 to 17 years,14,3,4,4,3,1,3,3,4,4,4,4,4,3,2,2,4,3,4,2,3.6,4,4,3,4,3,3,3.67,4,3,4,5
Cavachon,https://dogtime.com/dog-breeds/cavachon,Large,Mixed Breed Dogs,12 to 13 inches ,31.75,15 to 35 pounds ,11.25,10 to 15 years ,12,3.8,5,5,5,1,3,3,5,5,5,5,5,2.6,2,1,2,4,4,2,3.6,4,4,3,4,3,2,3.67,4,3,4,5
Cavador,https://dogtime.com/dog-breeds/cavador,Large,Mixed Breed Dogs,18 to 24 inches,53.34,22 to 55 pounds,17.32,10 to 14 years,12,3.4,3,5,4,2,3,3,4.67,5,5,4,3,3.4,3,2,4,4,4,3,3.2,4,4,2,3,3,3,3.67,4,3,4,5
Cavalier King Charles Spaniel,https://dogtime.com/dog-breeds/cavalier-king-charles-spaniel,Medium,Companion Dogs,12 to 13 inches at the shoulder,31.75,13 to 18 pounds,6.98,9 to 15 years,12,3.8,5,5,5,1,3,2,5,5,5,5,5,3.2,3,1,4,4,4,2,3.2,4,4,3,3,2,2,3,3,2,4,5
Cavapoo,https://dogtime.com/dog-breeds/cavapoo,Medium,Mixed Breed Dogs,9 to 14 inches,29.21,9 to 25 pounds,7.65,12 to 15 years,14,3,3,3,3,2,4,3,4.67,5,5,4,4,2.6,2,1,3,3,4,2,3.2,4,4,3,3,2,3,2.67,3,2,3,5
Central Asian Shepherd Dog,https://dogtime.com/dog-breeds/central-asian-shepherd-dog,Very Large,Working Dogs,24 to 28 inches,66.04,88 to 110 pounds ,44.55,12 to 15 years ,14,2.6,1,1,4,2,5,2,3.33,3,3,4,2,4.4,4,5,5,5,3,4,2.6,2,5,2,1,3,2,3.33,3,3,4,2
Cesky Terrier,https://dogtime.com/dog-breeds/cesky-terrier,Medium,Terrier Dogs,10 to 13 inches tall at the shoulder,29.21,13 to 30 pounds,9.68,10 to 15 years,12,3.8,5,4,4,3,3,3,3.33,5,3,2,3,3,1,1,4,5,4,2,3,4,3,3,2,3,3,2.67,2,3,3,5
Chabrador,https://dogtime.com/dog-breeds/chabrador,Very Large,Mixed Breed Dogs,18 to 24 inches,53.34,45 to 80 pounds,28.12,9 to 13 years,11,3.4,4,2,4,3,4,1,3.33,4,4,2,2,3.6,4,3,4,4,3,3,3.4,2,4,4,4,3,3,3.33,3,4,3,4
Cheagle,https://dogtime.com/dog-breeds/cheagle,Medium,Mixed Breed Dogs,9 to 14 inches ,29.21,9 to 20 pounds ,6.52,10 to 14 years ,12,2.8,4,4,4,1,1,2,3.67,5,3,3,2,3.2,3,1,5,3,4,2,3.4,2,4,3,4,4,3,3.67,4,4,3,4
Chesapeake Bay Retriever,https://dogtime.com/dog-breeds/chesapeake-bay-retriever,Very Large,Sporting Dogs,21 inches to 26 inches tall at the shoulder,59.69,55 to 80 pounds,30.38,10 to 12 years,11,2.2,1,1,3,2,4,4,3,5,3,1,1,4.2,5,3,5,4,4,3,3.2,3,4,3,3,3,4,5,5,5,5,4
Chi Chi,https://dogtime.com/dog-breeds/chi-chi,Small,Mixed Breed Dogs,5 to 12 inches,21.59,4 to 11 pounds,3.38,11 to 20 years,16,2.8,4,2,4,2,2,3,2.67,3,3,2,3,3,2,1,4,4,4,2,3.4,3,4,3,3,4,2,3.67,4,4,3,4
Chi-Poo,https://dogtime.com/dog-breeds/chi-poo,Medium,Mixed Breed Dogs,5 to 15 inches ,25.4,5 to 20 pounds ,5.62,12 to 15 years ,14,4.2,5,5,5,4,2,3,4.33,5,5,3,3,2.2,2,1,3,2,3,2,3.8,5,5,3,3,3,3,2.33,3,2,2,4
Chigi,https://dogtime.com/dog-breeds/chigi,Medium,Mixed Breed Dogs,7 to 12 inches,24.13,10 to 20 pounds,6.75,12 to 14 years ,13,3.4,3,4,5,2,3,2,4,5,5,2,2,3.2,4,1,5,3,3,1,3,4,4,2,3,2,3,4,4,4,4,4
Chihuahua,https://dogtime.com/dog-breeds/chihuahua,Very Small,Companion Dogs,6 inches to 9 inches tall at the shoulder,19.05,3 to 6 pounds,2.02,10 to 18 years,14,3.2,5,4,5,1,1,2,4,5,5,2,2,2.6,2,1,5,2,3,1,3.4,4,4,3,3,3,2,2,3,2,1,4
Chilier,https://dogtime.com/dog-breeds/chilier,Small,Mixed Breed Dogs,8 to 12 inches,25.4,6 to 12 pounds,4.05,12 to 16 years,14,2.8,4,2,4,2,2,2,4,4,4,4,3,3.2,2,3,4,4,3,2,3,2,4,3,3,3,2,3.67,4,4,3,4
Chinese Crested,https://dogtime.com/dog-breeds/chinese-crested,Medium,Companion Dogs,11 to 13 inches tall at the shoulder,30.48,Up to 12 pounds,5.4,10 to 14 years,12,3,5,3,5,1,1,3,4.33,4,5,4,4,2.4,2,1,2,5,2,2,3.4,4,3,4,3,3,1,1.67,2,1,2,3
Chinese Shar-Pei,https://dogtime.com/dog-breeds/chinese-shar-pei,Very Large,Working Dogs,18 to 20 inches tall at the shoulder,48.26,40 to 55 pounds,21.38,8 to 12 years,10,2.8,4,2,2,4,2,1,1.67,2,2,1,2,2.8,2,2,5,1,4,3,3.4,3,2,5,2,5,2,2,2,1,3,1
Chinook,https://dogtime.com/dog-breeds/chinook,Very Large,Working Dogs,21 to 27 inches tall at the shoulder,60.96,55 to 70 pounds,28.12,12 to 15 years,14,3.2,4,1,5,1,5,4,5,5,5,5,4,3,5,1,2,4,3,4,3.2,4,5,3,2,2,2,3,3,3,3,4
Chion,https://dogtime.com/dog-breeds/chion,Small,Mixed Breed Dogs,5 to 11 inches,20.32,4 to 11 pounds,3.38,10 to 15 years,12,2.8,4,3,3,2,2,3,3.67,5,3,3,2,3,2,2,3,4,4,2,3.4,3,3,4,3,4,1,3,4,3,2,4
Chipin,https://dogtime.com/dog-breeds/chipin,Small,Mixed Breed Dogs,8 to 12 inches ,25.4,5 to 15 pounds ,4.5,10 to 14 years ,12,3.2,5,4,5,1,1,2,3.67,5,4,2,2,3,2,1,5,3,4,1,2.8,4,3,2,3,2,3,3,4,3,2,5
Chiweenie,https://dogtime.com/dog-breeds/chiweenie,Small,Mixed Breed Dogs,6 to 10 inches,20.32,5 to 12 pounds,3.82,12 to 16 years,14,3,5,3,4,2,1,4,3,4,2,3,2,2.8,1,1,5,3,4,1,3.2,2,4,2,3,5,2,3.33,4,2,4,5
Chorkie,https://dogtime.com/dog-breeds/chorkie,Small,Mixed Breed Dogs,6 to 9 inches ,19.05,8 to 15 pounds ,5.18,12 to 15 years ,14,3.4,5,5,5,1,1,2,3.33,4,3,3,2,2.2,2,1,3,3,2,1,2.8,3,3,2,2,4,2,3.33,4,3,3,5
Chow Chow,https://dogtime.com/dog-breeds/chow-chow,Very Large,Working Dogs,17 to 20 inches tall at the shoulder,46.99,40 to 70 pounds,24.75,12 to 15 years,14,3.4,3,2,2,5,5,2,1.33,2,1,1,1,2.2,1,3,1,2,4,4,2.2,2,1,5,2,1,2,2,2,2,2,1
Chow Shepherd,https://dogtime.com/dog-breeds/chow-shepherd,Very Large,Mixed Breed Dogs,22 to 26 inches,60.96,45 to 90 pounds ,30.38,12 to 15 years ,14,3.2,3,2,4,2,5,4,2.67,3,3,2,2,2.6,5,2,1,3,2,4,2.8,3,3,3,3,2,3,4.67,5,4,5,4
Chug,https://dogtime.com/dog-breeds/chug,Medium,Mixed Breed Dogs,10 to 14 inches,30.48,10 to 20 pounds,6.75,10 to 13,12,3.2,5,3,3,3,2,3,4,5,4,3,3,3.6,4,2,4,4,4,1,2.6,3,3,3,2,2,2,3.33,4,3,3,4
Chusky,https://dogtime.com/dog-breeds/chusky,Very Large,Mixed Breed Dogs,18 to 23 inches,52.07,40 to 65 pounds,23.62,10 to 13 years,12,3,2,2,3,3,5,2,3.67,4,4,3,3,3,5,2,2,3,3,3,3.4,3,4,3,3,4,2,3.67,4,3,4,4
Cirneco dellâ€™Etna,https://dogtime.com/dog-breeds/cirneco-delletna,Medium,Companion Dogs,17 to 20 inches,46.99,17 to 26 pounds,9.68,12 to 14 years,13,3.2,4,3,3,3,3,3,4.67,5,5,4,3,2.8,2,1,4,5,2,3,3,3,3,2,4,3,1,3,4,2,3,4
Clumber Spaniel,https://dogtime.com/dog-breeds/clumber-spaniel,Very Large,Sporting Dogs,17 inches to 20 inches tall at the shoulder,46.99,55 to 85 pounds,31.5,12 to 12 years,12,4.2,5,5,4,2,5,2,4,5,3,4,3,3.6,5,5,1,2,5,3,3.6,4,3,5,5,1,4,2,3,1,2,5
Cockalier,https://dogtime.com/dog-breeds/cockalier,Medium,Mixed Breed Dogs,12 to 15 inches,34.29,10 to 28 pounds,8.55,12 to 15 years,14,3.2,4,4,4,2,2,2,4.67,5,5,4,3,2.8,2,1,4,4,3,2,3,4,4,2,3,2,2,3.33,4,2,4,5
Cockapoo,https://dogtime.com/dog-breeds/cockapoo,Medium,Hybrid Dogs,From under 10 to over 15 inches tall at the shoulder,31.75,From under 6 to over 19 pounds,5.62,12 to 15 years,14,4,4,5,4,3,4,4,4.67,5,4,5,4,2,1,1,3,2,3,2,3,4,4,2,3,2,3,3,3,3,3,5
Cocker Spaniel,https://dogtime.com/dog-breeds/cocker-spaniel,Large,Sporting Dogs,14 inches to 15 inches tall at the shoulder,36.83,24 to 28 pounds,11.7,12 to 15 years,14,3.6,5,3,5,1,4,3,4,5,3,4,3,2.6,3,1,1,4,4,2,4.2,5,4,4,5,3,4,3,4,2,3,4
Collie,https://dogtime.com/dog-breeds/collie,Very Large,Herding Dogs,22 to 26 inches all at the shoulder,60.96,50 to 70 pounds,27,10 to 14 years,12,3.6,3,4,5,2,4,3,4.67,5,5,4,4,2.8,5,1,2,3,3,3,3.8,4,4,3,4,4,1,2.67,3,2,3,4
Corgi Inu,https://dogtime.com/dog-breeds/corgi-inu,Medium,Mixed Breed Dogs,9 to 15 inches,30.48,17 to 27 pounds,9.9,12 to 15 years,14,3.4,4,3,3,3,4,2,3,3,3,3,2,3,5,2,2,3,3,2,3.4,4,4,3,3,3,2,3.67,4,3,4,4
Corgidor,https://dogtime.com/dog-breeds/corgidor,Very Large,Mixed Breed Dogs,12 to 23 inches ,44.45,40 to 55 pounds ,21.38,10 to 15 years ,12,3,3,2,4,3,3,3,4,5,4,3,4,3.8,5,2,4,4,4,3,3.4,4,5,3,3,2,3,4,5,3,4,5
Corman Shepherd,https://dogtime.com/dog-breeds/corman-shepherd,Very Large,Mixed Breed Dogs,12 to 15 inches,34.29,20 to 70 pounds,20.25,10 to 15 years,12,2.8,2,2,3,3,4,3,4,4,4,4,3,3.4,5,2,3,3,4,3,3.6,4,5,3,3,3,2,3.67,4,3,4,4
Coton de Tulear,https://dogtime.com/dog-breeds/coton-de-tulear,Small,Companion Dogs,8 to 12 inches tall at the shoulder,25.4,8 to 13 pounds,4.73,Starts at 14 years,14,3.6,5,4,5,1,3,3,5,5,5,5,5,2.4,1,1,2,5,3,1,2.6,3,4,3,1,2,3,2.67,3,2,3,5
Croatian Sheepdog,https://dogtime.com/dog-breeds/croatian-sheepdog,Large,Herding Dogs,16 to 21 inches,46.99,29 to 45 pounds,16.65,12 to 14 years,13,3,3,2,3,3,4,2,3,4,3,2,2,3.4,5,3,2,4,3,3,3.6,3,4,4,3,4,3,4,4,4,4,4
Curly-Coated Retriever,https://dogtime.com/dog-breeds/curly-coated-retriever,Very Large,Sporting Dogs,23 inches to 27 inches tall at the shoulder,63.5,65 to 100 pounds,37.12,9 to 12 years,10,2.8,1,3,3,3,4,4,4.67,5,5,4,3,2.6,3,2,3,2,3,3,4.4,4,5,5,5,3,4,4,5,3,4,5
Dachsador,https://dogtime.com/dog-breeds/dachsador,Large,Mixed Breed Dogs,15 to 25 inches,50.8,30 to 40 pounds,15.75,12 to 14 years,13,2.8,4,2,3,2,3,3,3.67,4,4,3,4,3,2,1,4,4,4,2,3,3,4,2,4,2,4,3.67,4,3,4,4
Dachshund,https://dogtime.com/dog-breeds/dachshund,Medium,Hound Dogs,8 inches to 9 inches tall at the shoulder,21.59,16 to 32 pounds,10.8,12 to 15 years,14,3.4,5,4,4,3,1,3,4,4,5,3,1,2.8,3,1,3,2,5,1,4,2,4,4,5,5,5,3,3,3,3,4
Dalmatian,https://dogtime.com/dog-breeds/dalmatian,Very Large,Companion Dogs,19 to 24 inches tall at the shoulder,54.61,48 to 55 pounds,23.18,13 to 16 years,14,3,2,3,4,3,3,4,4.33,5,4,4,3,3.8,5,1,5,4,4,3,2.8,4,4,2,2,2,4,4.67,5,4,5,4
Dandie Dinmont Terrier,https://dogtime.com/dog-breeds/dandie-dinmont-terrier,Medium,Terrier Dogs,8 to 11 inches tall at the shoulder,24.13,18 to 24 pounds,9.45,12 to 15 years,14,3.2,4,4,3,2,3,3,4,5,4,3,3,2.6,3,1,2,3,4,1,2.8,2,3,3,4,2,3,2.67,3,3,2,4
Daniff,https://dogtime.com/dog-breeds/daniff,Very Large,Mixed Breed Dogs,27 to 33 inches,76.2,115 to 190 pounds,68.62,8 to 12 years,10,2.4,2,2,3,1,4,3,4.33,5,4,4,3,2.6,2,4,1,3,3,5,2.6,4,4,2,2,1,2,3.67,3,4,4,4
Danish-Swedish Farmdog,https://dogtime.com/dog-breeds/danish-swedish-farmdog,Medium,Working Dogs,12 to 15 inches,34.29,15 to 20 pounds,7.88,11 to 13 years,12,3.2,3,2,3,4,4,4,5,5,5,5,3,3.6,5,1,4,5,3,2,4,5,4,2,5,4,1,4,4,3,5,4
Deutscher Wachtelhund,https://dogtime.com/dog-breeds/deutscher-wachtelhund,Very Large,Sporting Dogs,18 to 21 inches,49.53,40 to 55 pounds,21.38,12 to 14 years,13,2.8,3,3,2,2,4,3,4.33,5,4,4,3,3,3,2,3,5,2,4,3.6,4,4,3,4,3,2,3.67,4,3,4,4
Doberdor,https://dogtime.com/dog-breeds/doberdor,Very Large,Mixed Breed Dogs,24 to 28 inches,66.04,60 to 100 pounds,36,10 to 14 years,12,1.8,1,1,3,2,2,4,3,3,3,3,1,3,1,2,4,4,4,5,3.2,1,4,3,4,4,4,4.67,5,4,5,4
Doberman Pinscher,https://dogtime.com/dog-breeds/doberman-pinscher,Very Large,Working Dogs,24 to 28 inches tall at the shoulder,66.04,60 to 80 pounds,31.5,10 to 13 years,12,2.8,3,3,5,2,1,4,3,5,3,1,3,3.4,4,4,5,1,3,4,2.8,5,5,2,1,1,2,3,3,3,3,5
Docker,https://dogtime.com/dog-breeds/docker,Large,Mixed Breed Dogs,9 to 15 inches ,30.48,20 to 30 Pounds ,11.25,12 to 14 Years,13,2.8,3,2,4,2,3,3,3.67,5,3,3,2,2.8,3,2,3,3,3,2,4.2,3,4,5,5,4,5,3,3,3,3,4
Dogo Argentino,https://dogtime.com/dog-breeds/dogo-argentino,Very Large,Sporting Dogs,23 to 27 inches,63.5,80 to 100 pounds,40.5,9 to 15 years,12,1.8,1,1,3,2,2,4,2.67,4,2,2,2,2.6,1,3,4,3,2,4,2.8,2,3,2,5,2,4,4,4,4,4,3
Dogue de Bordeaux,https://dogtime.com/dog-breeds/dogue-de-bordeaux,Very Large,Working Dogs,23 to 27 inches tall at the shoulder,63.5,Starts at 100 pounds,45,8 to 12 years,10,3,5,1,4,2,3,2,3.67,5,5,1,1,3.8,3,5,5,2,4,4,3,2,3,4,4,2,1,3,2,2,5,3
Dorgi,https://dogtime.com/dog-breeds/dorgi,Medium,Mixed Breed Dogs,9 to12 inches,26.67,15 to 28 pounds,9.68,12 to 15 years,14,3.2,4,4,3,1,4,3,4,4,4,4,3,3.2,2,2,4,4,4,2,3.4,3,4,4,3,3,3,4,4,4,4,5
Dorkie,https://dogtime.com/dog-breeds/dorkie,Small,Mixed Breed Dogs,5 to 10 inches,19.05,5 to 12 pounds,3.82,13 to 16 years,14,3.4,5,4,4,2,2,2,4,4,4,4,4,2,3,1,2,2,2,1,2.8,3,4,2,3,2,2,2,2,2,2,3
Doxiepoo,https://dogtime.com/dog-breeds/doxiepoo,Medium,Mixed Breed Dogs,8 to 23 inches,39.37,5 to 30 pounds,7.88,10 to 15 years,12,3.4,5,3,4,2,3,3,2.67,5,2,1,3,3,3,,3,2,4,2,4,3,5,3,4,5,4,4,4,4,4,5
Doxle,https://dogtime.com/dog-breeds/doxle,Medium,Mixed Breed Dogs,5 to 15 inches,25.4,11 to 30 pounds,9.22,12 to 14 years,13,2.6,2,4,4,1,2,4,4.67,5,4,5,4,3.6,5,1,4,4,4,2,4,3,4,3,5,5,5,4.67,5,4,5,5
Drentsche Patrijshond,https://dogtime.com/dog-breeds/drentsche-patrijshond,Very Large,Working Dogs,21 to 25 inches,58.42,40 to 60 pounds,22.5,11 to 14 years old,12,3.2,3,2,4,3,4,3,4.33,5,4,4,3,3.2,4,3,3,4,2,3,3,2,4,3,4,2,1,4,5,3,4,4
Drever,https://dogtime.com/dog-breeds/drever,Large,Hound Dogs,12 to 16 inches,35.56,35 to 40 pounds,16.88,12 to 15 years,14,2.6,4,3,2,2,2,3,4.67,5,5,4,3,3.2,3,2,3,5,3,3,3.6,3,4,4,3,4,2,4,5,3,4,4
Dutch Shepherd,https://dogtime.com/dog-breeds/dutch-shepherd,Very Large,Herding Dogs,21 to 25 inches,58.42,50 to 70 pounds,27,12 to 15 years,14,3,3,3,3,2,4,4,4,4,4,4,2,3,4,2,3,4,2,3,3.2,5,4,2,3,2,2,3.67,4,3,4,4
English Cocker Spaniel,https://dogtime.com/dog-breeds/english-cocker-spaniel,Large,Sporting Dogs,15 inches to 17 inches tall at the shoulder,40.64,26 to 34 pounds,13.5,12 to 14 years,13,3.8,5,4,5,1,4,3,5,5,5,5,5,3.2,3,1,3,4,5,2,4.2,4,5,3,5,4,4,4,5,3,4,5
English Foxhound,https://dogtime.com/dog-breeds/english-foxhound,Very Large,Hound Dogs,25 to 27 inches tall at the shoulder,66.04,55 to 75 pounds,29.25,10 to 13 years,12,2.6,1,2,3,4,3,3,4.33,4,4,5,3,3,3,1,5,4,2,3,3.8,3,3,4,5,4,5,4.67,5,4,5,5
English Setter,https://dogtime.com/dog-breeds/english-setter,Very Large,Sporting Dogs,23 inches to 27 inches tall at the shoulder,63.5,45 to 80 pounds,28.12,11 to 15 years,13,2.6,1,3,4,1,4,3,5,5,5,5,5,3.2,3,2,3,3,5,3,4.2,3,5,4,5,4,5,3.67,4,2,5,5
English Springer Spaniel,https://dogtime.com/dog-breeds/english-springer-spaniel,Very Large,Sporting Dogs,18 inches to 22 inches tall at the shoulder,50.8,45 to 55 pounds,22.5,9 to 15 years,12,2.4,1,3,4,1,3,4,5,5,5,5,4,2.4,3,1,2,3,3,3,4.2,5,5,3,5,3,4,4.33,5,3,5,5
English Toy Spaniel,https://dogtime.com/dog-breeds/english-toy-spaniel,Small,Companion Dogs,10 to 11 inches tall at the shoulder,26.67,8 to 14 pounds,4.95,10 to 12 years,11,3,4,4,4,1,2,2,3.33,5,1,4,4,3.2,5,2,4,2,3,2,3.4,3,3,4,4,3,2,2.67,3,3,2,4
Entlebucher Mountain Dog,https://dogtime.com/dog-breeds/entlebucher-mountain-dog,Very Large,Herding Dogs,16 to 20 inches tall at the shoulder,45.72,45 to 65 pounds,24.75,10 to 13 years,12,2.8,1,2,4,3,4,2,4.33,5,5,3,2,3,3,1,5,3,3,3,4,3,4,4,4,5,3,4.67,5,4,5,5
Estrela Mountain Dog,https://dogtime.com/dog-breeds/estrela-mountain-dog,Very Large,Herding Dogs,24 to 30 inches,68.58,75 to 130 pounds,46.12,11 to 15 years,13,2.6,1,3,2,3,4,3,4.33,5,5,3,2,3.2,4,3,2,4,3,4,3,4,5,2,1,3,1,3,3,3,3,3
Eurasier,https://dogtime.com/dog-breeds/eurasier,Very Large,Companion Dogs,20 to 24 Inches,55.88,40 to 71 lbs,24.98,12 to 14 years,13,2.8,4,3,2,1,4,3,4,3,5,4,2,3.2,4,3,3,4,2,4,2.6,4,4,2,1,2,1,2.67,3,2,3,3
Field Spaniel,https://dogtime.com/dog-breeds/field-spaniel,Large,Sporting Dogs,16 inches to 19 inches tall at the shoulder,44.45,37 to 45 pounds,18.45,10 to 12 years,11,2.4,1,3,4,1,3,4,4.67,5,5,4,4,3,3,1,4,3,4,2,3.8,5,5,3,4,2,5,4.33,5,3,5,5
Fila Brasileiro,https://dogtime.com/dog-breeds/fila-brasileiro,Very Large,Working Dogs,24 to 30 inches,68.58,90 to 180 pounds,60.75,9 to 12 years,10,2,1,1,3,3,2,3,2.67,3,3,2,1,3.2,2,3,4,3,4,5,3.4,2,4,3,5,3,3,4,4,4,4,2
Finnish Lapphund,https://dogtime.com/dog-breeds/finnish-lapphund,Large,Herding Dogs,17 to 20 inches tall at the shoulder,46.99,33 to 53 pounds,19.35,12 to 15 years,14,3.8,4,4,4,2,5,2,5,5,5,5,4,3.2,3,1,4,4,4,3,4.2,5,5,4,4,3,4,4.67,5,5,4,5
Finnish Spitz,https://dogtime.com/dog-breeds/finnish-spitz,Large,Sporting Dogs,15 to 20 inches tall at the shoulder,44.45,20 to 35 pounds,12.38,12 to 15 years,14,3,3,3,3,1,5,3,5,5,5,5,3,2.8,4,1,2,4,3,3,3.6,3,4,3,3,5,4,4.67,5,4,5,5
Flat-Coated Retriever,https://dogtime.com/dog-breeds/flat-coated-retriever,Very Large,Sporting Dogs,22 inches to 24 inches tall at the shoulder,58.42,55 to 70 pounds,28.12,10 to 12 years,11,2.6,1,2,5,1,4,4,5,5,5,5,5,3.4,3,2,4,4,4,3,3.8,4,5,3,3,4,4,4.67,5,4,5,5
Fox Terrier,https://dogtime.com/dog-breeds/fox-terrier,Medium,Terrier Dogs,Up to 15 inches tall at the shoulder,38.1,15 to 19 pounds,7.65,10 to 15 years,12,3,3,3,3,3,3,4,3.67,4,4,3,3,2.2,2,1,2,4,2,2,4.2,5,5,3,5,3,3,5,5,5,5,5
French Bulldog,https://dogtime.com/dog-breeds/french-bulldog,Medium,Companion Dogs,11 to 12 inches tall at the shoulder,29.21,16 to 28 pounds,9.9,11 to 14 years,12,3.2,5,5,3,1,2,1,4.33,5,4,4,4,3,3,1,5,2,4,2,3,4,3,3,2,3,2,3,3,4,2,5
French Bullhuahua,https://dogtime.com/dog-breeds/french-bullhuahua,Medium,Mixed Breed Dogs,6 to 12 inches,22.86,10 to 30 pounds,9,10 to 15 years,12,2.8,4,3,3,2,2,4,3,4,3,2,3,3.6,3,2,4,4,5,1,3.4,3,3,4,3,4,2,3,3,3,3,4
French Spaniel,https://dogtime.com/dog-breeds/french-spaniel,Very Large,Sporting Dogs,21 to 24 inches.,57.15,45 to 60 pounds.,23.62,10 to 12 years.,11,3.4,2,4,4,3,4,2,4.33,5,4,4,4,2.8,3,2,3,4,2,3,3,4,4,2,3,2,2,4,5,3,4,4
Frenchton,https://dogtime.com/dog-breeds/frenchton,Medium,Mixed Breed Dogs,11 to 14 inches,31.75,15 to 25 pounds,9,12 to 15 years,14,3.6,5,5,3,2,3,3,5,5,5,5,5,3.6,4,3,5,4,2,2,3,4,4,2,2,3,3,3,3,3,3,5
Frengle,https://dogtime.com/dog-breeds/frengle,Medium,Mixed Breed Dogs,8 to 15 inches,29.21,18 to 30 pounds,10.8,10 to 15 years,12,3.4,4,4,4,3,2,2,4.67,5,5,4,4,3.4,3,1,5,4,4,3,3,3,4,3,3,2,3,3.67,4,3,4,5
German Longhaired Pointer,https://dogtime.com/dog-breeds/german-longhaired-pointer,Very Large,Sporting Dogs,23 to 28 inches,64.77,60 to 71 pounds,29.48,11 to 14 years,12,2.6,2,2,3,3,3,2,4.33,5,4,4,4,3.6,2,3,5,4,4,4,3.2,4,4,2,3,3,4,4.33,5,3,5,3
German Pinscher,https://dogtime.com/dog-breeds/german-pinscher,Large,Working Dogs,17 to 20 inches tall at the shoulder,46.99,25 to 45 pounds,15.75,12 to 14 years,13,3.2,3,3,4,3,3,4,3.33,5,3,2,2,3.2,3,1,5,4,3,3,4,4,5,3,5,3,4,4.33,5,3,5,5
German Shepherd Dog,https://dogtime.com/dog-breeds/german-shepherd-dog,Very Large,Herding Dogs,22 inches to 26 inches tall at the shoulder,60.96,75 to 95 pounds,38.25,10 to 14 years,12,3.2,3,2,5,2,4,3,4,5,5,2,4,3.4,5,1,5,4,2,4,4.6,5,5,5,4,4,2,5,5,5,5,5
German Shepherd Pit Bull,https://dogtime.com/dog-breeds/german-shepherd-pit-bull,Very Large,Mixed Breed Dogs,17 to 26 inches ,54.61,30 to 90 pounds ,27,10 to 12 years ,11,2,1,1,4,1,3,3,4.67,5,5,4,4,3.8,5,1,5,4,4,4,4.6,5,5,5,4,4,3,5,5,5,5,5
German Shepherd Rottweiler Mix,https://dogtime.com/dog-breeds/german-shepherd-rottweiler-mix,Very Large,Mixed Breed Dogs,22 to 28 inches,63.5,75 to 115 pounds,42.75,9 to 13 years,11,3.4,3,4,3,3,4,2,3.67,4,4,3,3,3.6,5,3,3,3,4,4,3.2,3,4,3,3,3,2,3.67,4,3,4,4
German Sheprador,https://dogtime.com/dog-breeds/german-sheprador,Very Large,Mixed Breed Dogs,20 to 27 inches ,59.69,60 to 95 pounds ,34.88,10 to 12 years ,11,2.8,2,1,5,2,4,4,4.67,5,5,4,4,3.6,5,2,5,3,3,4,4,5,5,5,3,2,2,5,5,5,5,5
German Shorthaired Pointer,https://dogtime.com/dog-breeds/german-shorthaired-pointer,Very Large,Sporting Dogs,21 inches to 25 inch tall at the shoulder,58.42,45 to 70 pounds,25.88,12 to 15 years,14,2,1,2,4,1,2,4,4.67,5,5,4,3,3,2,2,5,3,3,3,4.4,5,5,4,5,3,5,4.33,5,3,5,5
German Spitz,https://dogtime.com/dog-breeds/german-spitz,Large,Companion Dogs,12 to 15 inches,34.29,21 to 29 pounds,11.25,13 to 15 years,14,3,4,2,3,3,3,2,4,5,4,3,3,3,4,1,2,4,4,1,3.8,2,4,4,5,4,2,4,5,3,4,4
German Wirehaired Pointer,https://dogtime.com/dog-breeds/german-wirehaired-pointer,Very Large,Sporting Dogs,22 inches to 26 inches tall at the shoulder,60.96,60 to 70 pounds,29.25,12 to 14 years,13,2.8,2,3,4,2,3,4,3.67,5,3,3,2,3,2,2,4,4,3,4,4,4,5,4,4,3,5,4.67,5,4,5,5
Giant Schnauzer,https://dogtime.com/dog-breeds/giant-schnauzer,Very Large,Working Dogs,23 to 27 inches tall at the shoulder,63.5,55 to 80 pounds,30.38,10 to 12 years,11,2.4,1,1,4,2,4,2,3.67,5,3,3,2,2.8,4,1,2,4,3,4,4,5,4,3,4,4,4,4,5,2,5,5
Glen of Imaal Terrier,https://dogtime.com/dog-breeds/glen-of-imaal-terrier,Large,Terrier Dogs,12 to 14 inches tall at the shoulder,33.02,Up to 35 pounds,15.75,12 to 15 years,14,3,4,2,3,3,3,4,4,5,5,2,3,3,1,1,5,5,3,1,4,4,4,3,5,4,3,4.33,4,5,4,4
Goberian,https://dogtime.com/dog-breeds/goberian,Very Large,Mixed Breed Dogs,20 to 24 inches,55.88,45 to 90 pounds,30.38,10 to 15 years,12,2.6,1,2,3,2,5,2,4,4,4,4,2,3.2,2,1,5,4,4,4,3.2,2,5,3,4,2,4,4.67,5,4,5,4
Goldador,https://dogtime.com/dog-breeds/goldador,Very Large,Hybrid Dogs,22 to 24 inches tall at the shoulder,58.42,60 to 80 pounds,31.5,10 to 15 years,12,3.6,2,4,3,4,5,4,5,5,5,5,5,3.2,3,2,4,4,3,4,2.6,4,5,2,1,1,4,5,5,5,5,5
Golden Cocker Retriever,https://dogtime.com/dog-breeds/golden-cocker-retriever,Large,Mixed Breed Dogs,20 to 24 inches,55.88,30 to 45 pounds,16.88,12 to 15 years,14,2.4,1,4,4,1,2,4,4.33,5,4,4,3,3.4,4,1,4,4,4,3,3,4,4,2,2,3,4,3.67,5,2,4,5
Golden Mountain Dog,https://dogtime.com/dog-breeds/golden-mountain-dog,Very Large,Mixed Breed Dogs,24 to 28 inches,66.04,75 to 120 pounds,43.88,9 to 15 years,12,2.4,1,2,2,2,5,1,4.67,5,5,4,3,3.4,4,4,2,3,4,5,3,4,4,2,2,3,4,3.67,4,2,5,5
Golden Retriever,https://dogtime.com/dog-breeds/golden-retriever,Very Large,Sporting Dogs,21 to 24 inches tall at the shoulder,57.15,55 to 75 pounds,29.25,10 to 12 years,11,2.8,2,3,5,1,3,3,5,5,5,5,5,3.6,5,4,2,2,5,3,4.2,5,5,5,3,3,2,4,5,2,5,5
Golden Retriever Corgi,https://dogtime.com/dog-breeds/golden-retriever-corgi,Very Large,Mixed Breed Dogs,10 to 18 inches,35.56,30 to 75 pounds,23.62,10 to 13 years,12,3.2,3,4,3,3,3,3,4.67,5,5,4,4,3.4,4,3,3,3,4,3,3.2,4,4,3,2,3,2,3.33,4,3,3,5
Golden Shepherd,https://dogtime.com/dog-breeds/golden-shepherd,Very Large,Mixed Breed Dogs,20 to 26 inches,58.42,55 to 85 pounds ,31.5,10 to 14 years,12,3,2,2,5,1,5,4,4.33,5,5,3,5,3,5,2,2,3,3,5,4.2,5,5,5,3,3,2,4.33,5,3,5,5
Goldendoodle,https://dogtime.com/dog-breeds/goldendoodle,Very Large,Hybrid Dogs,20 to 24 inches tall at the shoulder,55.88,50 to 90 pounds,31.5,10 to 15 years,12,3,1,4,4,3,3,3,5,5,5,5,4,2.6,2,1,4,3,3,4,2.8,4,5,1,1,3,3,4,4,3,5,5
Gollie,https://dogtime.com/dog-breeds/gollie,Very Large,Mixed Breed Dogs,22 to 26 inches,60.96,50 to 75 pounds,28.12,12 to 15 years,14,2.6,1,4,3,2,3,3,4.67,5,5,4,4,3.2,4,2,3,3,4,3,2.8,4,4,2,2,2,4,4,5,3,4,5
Gordon Setter,https://dogtime.com/dog-breeds/gordon-setter,Very Large,Sporting Dogs,23 inches to 27 inches tall at the shoulder,63.5,45 to 80 pounds,28.12,10 to 12 years,11,2.8,2,3,4,1,4,3,3.33,5,3,2,3,3.4,5,3,2,4,3,3,4.4,5,5,3,4,5,4,4,5,2,5,5
Great Dane,https://dogtime.com/dog-breeds/great-dane,Very Large,Working Dogs,26 to 34 inches tall at the shoulder,76.2,100 to 200 pounds,67.5,7 to 10 years,8,2,1,1,5,1,2,3,5,5,5,5,5,4,5,4,5,4,2,5,3.4,5,3,2,3,4,3,5,5,5,5,5
Great Pyrenees,https://dogtime.com/dog-breeds/great-pyrenees,Very Large,Working Dogs,25 to 32 inches tall at the shoulder,72.39,85 to 160 pounds,55.12,10 to 12 years,11,2.8,1,1,4,3,5,3,4.33,5,4,4,3,3.4,5,2,4,2,4,5,3.4,1,4,2,5,5,5,5,5,5,5,4
Greater Swiss Mountain Dog,https://dogtime.com/dog-breeds/greater-swiss-mountain-dog,Very Large,Working Dogs,23 to 28 inches tall at the shoulder,64.77,85 to 140 pounds,50.62,7 to 9 years,8,3,1,2,4,3,5,1,5,5,5,5,3,3,3,1,5,2,4,5,3.4,3,3,3,4,4,3,4,5,4,3,5
Greyador,https://dogtime.com/dog-breeds/greyador,Very Large,Mixed Breed Dogs,21 to 27 inches,60.96,50 to 80 pounds ,29.25,11 to 13 years,12,2.4,3,2,5,1,1,3,5,5,5,5,5,4.6,5,4,5,4,5,4,4.2,3,5,5,4,4,4,4,4,4,4,4
Greyhound,https://dogtime.com/dog-breeds/greyhound,Very Large,Hound Dogs,25 inch to 30 inches tall at the shoulder,69.85,50 to 85 pounds,30.38,12 to 15 years,14,2.6,4,2,5,1,1,5,4.67,5,5,4,5,4.6,4,5,5,4,5,4,4.2,5,5,4,5,2,5,4.33,5,3,5,4
Hamiltonstovare,https://dogtime.com/dog-breeds/hamiltonstovare,Very Large,Hound Dogs,19 to 24 inches,54.61,40 to 75 pounds,25.88,14 to 17 years,16,3,3,2,4,3,3,3,4,5,4,3,3,2.6,1,1,4,4,3,3,3.4,3,4,2,5,3,2,4,5,3,4,4
Hanoverian Scenthound,https://dogtime.com/dog-breeds/hanoverian-scenthound,Very Large,Working Dogs,19 to 22 inches,52.07,80 to 100 pounds,40.5,12 to 14 years,13,2.6,2,1,4,3,3,3,4.67,5,5,4,3,2.8,2,1,4,4,3,4,3,2,4,2,4,3,2,3.67,4,3,4,4
Harrier,https://dogtime.com/dog-breeds/harrier,Very Large,Hound Dogs,19 to 21 inches tall at the shoulder,50.8,45 to 60 pounds,23.62,10 to 12 years,11,2.4,1,3,2,3,3,4,4.67,4,5,5,5,3.4,3,1,5,5,3,3,3.4,2,4,3,4,4,5,4.67,5,4,5,5
Havanese,https://dogtime.com/dog-breeds/havanese,Small,Companion Dogs,8 to 11 inches tall at the shoulder,24.13,7 to 13 pounds,4.5,12 to 15 years,14,3.6,5,5,4,1,3,4,4.67,5,4,5,5,2.2,2,1,1,3,4,2,3.6,5,4,3,4,2,2,2.67,3,2,3,5
Havapoo,https://dogtime.com/dog-breeds/havapoo,Medium,Mixed Breed Dogs,8 to 15 inches,29.21,7 to 30 pounds,8.33,10 to 14 years,12,3.6,5,5,4,1,3,4,4.33,5,4,4,4,2,1,1,1,3,4,2,3.6,5,5,3,3,2,3,2.67,3,2,3,5
Hokkaido,https://dogtime.com/dog-breeds/hokkaido,Very Large,Working Dogs,18 to 22 Inches,50.8,45 to 65 Pounds,24.75,11 to 13 Years,12,3,3,2,2,3,5,2,3.67,4,4,3,3,3,4,2,1,5,3,3,3.4,3,4,3,4,3,3,2.67,3,2,3,3
Horgi,https://dogtime.com/dog-breeds/horgi,Large,Mixed Breed Dogs,12 to 15 inches ,34.29,20 to 50 pounds,15.75,12 to 15 years ,14,2.8,2,2,4,2,4,3,4.67,5,5,4,5,3,4,2,3,3,3,2,3.8,4,4,4,4,3,3,3.67,4,3,4,4
Hovawart,https://dogtime.com/dog-breeds/hovawart,Very Large,Working Dogs,23 to 29 inches,66.04,55 to 110 pounds,37.12,10 to 14 years,12,2.4,1,2,3,2,4,3,3.33,4,4,2,2,3,3,1,4,4,3,4,2.4,2,4,2,2,2,2,4,4,4,4,4
Huskita,https://dogtime.com/dog-breeds/huskita,Very Large,Mixed Breed Dogs,22 to 25 inches ,59.69,50 to 75 pounds ,28.12,10 to 13 years,12,2.6,2,1,4,1,5,3,3,5,2,2,3,3,4,3,1,4,3,4,3.4,2,3,3,4,5,5,4.33,4,4,5,5
Huskydoodle,https://dogtime.com/dog-breeds/huskydoodle,Very Large,Mixed Breed Dogs,12 to 25 inches,46.99,40 to 60 pounds,22.5,10 to 14 years,12,2.6,2,2,3,2,4,3,4,4,4,4,3,3.2,3,2,3,4,4,3,3.4,3,5,3,4,2,2,4.67,5,4,5,4
Ibizan Hound,https://dogtime.com/dog-breeds/ibizan-hound,Very Large,Hound Dogs,22 to 27 inches tall at the shoulder,62.23,45 to 50 pounds,21.38,10 to 14 years,12,3,5,3,4,2,1,4,5,5,5,5,4,2.8,3,1,5,4,1,3,3.4,3,4,3,5,2,5,4.33,5,3,5,5
Icelandic Sheepdog,https://dogtime.com/dog-breeds/icelandic-sheepdog,Large,Herding Dogs,16 to 18 inchestall at the shoulder,43.18,20 to 30 pounds,11.25,14 to 15 years,14,2.4,1,1,3,2,5,3,3.33,4,4,2,2,2.6,5,1,1,3,3,3,3,3,4,3,4,1,4,4.33,4,5,4,4
Irish Red And White Setter,https://dogtime.com/dog-breeds/irish-red-and-white-setter,Very Large,Sporting Dogs,22 to 26 inches tall at the shoulder,60.96,50 to 70 pounds,27,10 to 14 years,12,2.6,1,3,4,1,4,3,4.33,5,4,4,4,2.2,3,1,3,2,2,3,3.6,4,4,4,3,3,4,5,5,5,5,5
Irish Setter,https://dogtime.com/dog-breeds/irish-setter,Very Large,Sporting Dogs,25 inch to 27 inches tall at the shoulder,66.04,60 to 70 pounds,29.25,11 to 15 years,13,2.8,1,3,4,2,4,3,5,5,5,5,5,2.8,4,2,3,2,3,4,4.6,4,5,5,5,4,5,4.33,5,3,5,5
Irish Terrier,https://dogtime.com/dog-breeds/irish-terrier,Large,Terrier Dogs,18 to 20 inches tall at the shoulder,48.26,25 to 27 pounds,11.7,12 to 16 years,14,2.8,3,2,3,2,4,4,3.67,5,5,1,3,3,4,1,2,5,3,3,2.4,1,4,1,2,4,3,4.33,5,4,4,5
Irish Water Spaniel,https://dogtime.com/dog-breeds/irish-water-spaniel,Very Large,Sporting Dogs,21 inches to 24 inches tall at the shoulder,57.15,45 to 65 pounds,24.75,10 to 12 years,11,3.2,3,2,4,3,4,4,4.67,5,5,4,5,2.2,1,2,3,2,3,3,4.2,5,4,3,5,4,3,4.33,5,3,5,4
Irish Wolfhound,https://dogtime.com/dog-breeds/irish-wolfhound,Very Large,Hound Dogs,32 to 35 inches tall at the shoulder,85.09,115 to 180 pounds,66.38,6 to 8 years,7,2.4,1,2,3,2,4,2,5,5,5,5,5,2.2,3,1,3,1,3,5,3.2,3,4,3,5,1,3,2.67,2,2,4,4
Italian Greyhound,https://dogtime.com/dog-breeds/italian-greyhound,Small,Companion Dogs,13 to 15 inches tall at the shoulder,35.56,6 to 15 pounds,4.73,14 to 15 years,14,3.4,5,5,5,1,1,3,4.67,5,5,4,4,2.6,2,1,5,3,2,2,3.6,3,3,4,5,3,3,3.33,4,2,4,4
Jack-A-Poo,https://dogtime.com/dog-breeds/jack-a-poo,Medium,Mixed Breed Dogs,10 to 16 inches,33.02,13 to 25 pounds,8.55,12 to 15 years,14,3.6,4,4,4,2,4,4,5,5,5,5,4,2.4,2,1,2,3,4,2,4,4,5,4,4,3,4,4.67,5,4,5,5
Jack Chi,https://dogtime.com/dog-breeds/jack-chi,Medium,Mixed Breed Dogs,12 to 15 inches,34.29,8 to 18 pounds,5.85,13 to 18 years,16,2.8,4,2,3,3,2,4,4.33,4,5,4,3,3.4,2,2,5,4,4,2,2.8,2,4,2,4,2,4,4,4,4,4,5
Jack Russell Terrier,https://dogtime.com/dog-breeds/jack-russell-terrier,Medium,Terrier Dogs,10 to 15 inches tall at the shoulder,31.75,13 to 17 pounds,6.75,10 to 15 years,12,3,3,2,3,3,4,3,4.67,5,4,5,4,3,3,1,3,4,4,2,4.4,4,5,4,5,4,4,5,5,5,5,5
Jackshund,https://dogtime.com/dog-breeds/jackshund,Medium,Mixed Breed Dogs,8 to 23 inches,39.37,15 to 28 pounds,9.68,12 to 15 years,14,3,4,2,3,3,3,3,4.33,5,4,4,3,3,3,1,3,3,5,2,4.4,3,5,4,5,5,5,4,4,4,4,5
Japanese Chin,https://dogtime.com/dog-breeds/japanese-chin,Small,Companion Dogs,8 to 11 inches tall at the shoulder,24.13,4 to 9 pounds,2.92,10 to 14 years,12,3.2,5,4,3,1,3,2,3,3,3,3,4,2.6,3,1,3,3,3,1,3.2,3,3,4,3,3,1,1.67,2,1,2,4
Japanese Spitz,https://dogtime.com/dog-breeds/japanese-spitz,Medium,Companion Dogs,10 to 16 inches,33.02,11 to 20 pounds,6.98,10 to 16 years,13,3.4,4,4,3,2,4,3,4.33,4,5,4,2,2.6,3,1,4,3,2,2,3.2,4,4,2,2,4,2,2.67,3,2,3,4
Korean Jindo Dog,https://dogtime.com/dog-breeds/jindo,Very Large,Sporting Dogs,19Â½ to 21 inches for males,50.8,35 - 60 pounds,21.38,12 - 15 years,14,3,3,2,3,2,5,2,3.67,5,3,3,4,2.6,5,1,1,4,2,3,3.5,2,5,2,5,,5,4.33,4,4,5,4
Kai Ken,https://dogtime.com/dog-breeds/kai-ken,Large,Companion Dogs,17 to 22 inches,49.53,25 to 45 pounds,15.75,12 to 16 years,14,2.6,2,2,2,3,4,3,3.67,4,4,3,2,3,4,2,2,4,3,3,3.4,3,5,2,5,2,3,4.67,5,4,5,3
Karelian Bear Dog,https://dogtime.com/dog-breeds/karelian-bear-dog,Very Large,Working Dogs,19 to 24 inches,54.61,44 to 50 pounds,21.15,10 to 13 years,12,2.8,2,1,4,2,5,3,2.67,4,3,1,2,2.8,3,1,4,4,2,3,3.8,2,4,4,5,4,5,4.33,4,5,4,4
Keeshond,https://dogtime.com/dog-breeds/keeshond,Large,Companion Dogs,16 inches to 19 inches tall at the shoulder,44.45,35 to 45 pounds,18,12 to 15 years,14,3.8,4,4,5,1,5,3,4.67,5,5,4,4,3.2,5,1,3,3,4,3,3.6,4,4,3,3,4,2,3.33,4,3,3,5
Kerry Blue Terrier,https://dogtime.com/dog-breeds/kerry-blue-terrier,Large,Terrier Dogs,17 to 19 inches tall at the shoulder,45.72,33 to 40 pounds,16.42,12 to 15 years,14,3,3,2,3,3,4,3,3.33,4,4,2,5,2,1,1,2,3,3,3,3.8,4,4,4,3,4,3,4.33,4,4,5,4
King Shepherd,https://dogtime.com/dog-breeds/king-shepherd,Very Large,Hybrid Dogs,25 to 31 inches ,71.12,75 to 150 pounds ,50.62,10 to 11 years ,10,3.4,4,2,4,2,5,4,4.33,4,4,5,4,3.8,4,4,4,3,4,5,3.2,4,5,3,2,2,3,3.33,3,3,4,4
Kishu Ken,https://dogtime.com/dog-breeds/kishu-ken,Very Large,Working Dogs,17 to 22 inches,49.53,30 to 60 pounds,20.25,9 to 13 years,11,3.2,3,2,3,3,5,3,2.67,3,3,2,2,3.2,4,2,3,4,3,3,3.2,4,5,2,4,1,2,3.33,3,3,4,2
Komondor,https://dogtime.com/dog-breeds/komondor,Very Large,Working Dogs,25 to 27 inches tall at the shoulder,66.04,80 to 100 pounds,40.5,10 to 12 years,11,2.4,2,1,4,1,4,3,3,5,3,1,1,2.4,3,2,2,2,3,4,3.6,4,4,3,2,5,4,2.33,2,1,4,4
Kooikerhondje,https://dogtime.com/dog-breeds/kooikerhondje,Medium,Sporting Dogs,14 to 16 inches tall at the shoulder,38.1,20 to 25 pounds,10.12,12 to 14 years,13,3.4,4,3,4,2,4,3,2.33,3,2,2,2,2.8,3,1,2,5,3,3,2.8,1,4,3,3,3,3,4.67,4,5,5,4
Kuvasz,https://dogtime.com/dog-breeds/kuvasz,Very Large,Working Dogs,26 to 30 inches tall at the shoulder,71.12,70 to 115 pounds,41.62,10 to 12 years,11,2.6,1,1,5,1,5,2,2.67,5,1,2,1,3.8,4,3,4,4,4,5,2.2,2,4,1,1,3,3,4.33,4,4,5,4
Kyi-Leo,https://dogtime.com/dog-breeds/kyi-leo,Small,Mixed Breed Dogs,8 to 12 inches,25.4,8 to 14 pounds,4.95,13 to 15 years,14,4.2,5,4,3,4,5,2,4.67,5,5,4,3,2.2,2,1,2,3,3,2,3,3,3,4,1,4,2,3,4,3,2,4
Lab Pointer,https://dogtime.com/dog-breeds/lab-pointer,Very Large,Mixed Breed Dogs,22 to 28 inches,63.5,35 to 80 pounds,25.88,10 to 15 years,12,2.6,1,4,3,1,4,4,4,5,4,3,4,3.2,2,2,4,4,4,4,3.4,5,4,2,4,2,4,4.33,5,3,5,4
Labernese,https://dogtime.com/dog-breeds/labernese,Very Large,Mixed Breed Dogs,24 to 28 inches,66.04,65 to 110 pounds,39.38,6 to 12 years,9,3,2,4,4,1,4,2,4.33,4,5,4,3,3.2,4,3,3,2,4,4,3,3,4,3,3,2,4,3.33,4,2,4,5
Labmaraner,https://dogtime.com/dog-breeds/labmaraner,Very Large,Mixed Breed Dogs,21 to 24 inches,57.15,60 to 100 pounds,36,10 to 12 years,11,2.6,1,4,4,1,3,3,4.33,4,5,4,3,3,1,2,4,4,4,4,3.4,4,4,3,3,3,4,4,4,3,5,5
Labrabull,https://dogtime.com/dog-breeds/labrabull,Very Large,Mixed Breed Dogs,20 to 24 inches ,55.88,45 to 90 pounds ,30.38,10 to 14 years ,12,2.4,2,2,4,1,3,3,4,5,5,2,5,3.6,5,2,5,3,3,4,4.2,5,5,5,3,3,4,4.67,5,5,4,5
Labradane,https://dogtime.com/dog-breeds/labradane,Very Large,Mixed Breed Dogs,24 to 30 inches,68.58,100 to 180 pounds,63,8 to 12 years,10,2.4,1,2,3,2,4,4,4.67,5,5,4,3,3.4,2,3,4,4,4,5,2.6,3,4,2,3,1,3,3.33,4,2,4,5
Labradoodle,https://dogtime.com/dog-breeds/labradoodle,Very Large,Hybrid Dogs,21 to 24 inches at the shoulder,57.15,50 to 65 pounds,25.88,12 to 14 years,13,3.8,3,4,3,4,5,4,4.67,5,4,5,5,3,3,1,4,4,3,4,2.6,4,4,1,2,2,3,4.67,5,4,5,5
Labrador Retriever,https://dogtime.com/dog-breeds/labrador-retriever,Very Large,Sporting Dogs,21 to 24 inches at the shoulder,57.15,55 to 80 pounds,30.38,10 to 12 years,11,2.8,1,3,5,2,3,3,5,5,5,5,5,4.2,5,3,5,3,5,4,4.2,5,5,5,2,4,3,5,5,5,5,5
Labrastaff,https://dogtime.com/dog-breeds/labrastaff,Very Large,Mixed Breed Dogs,17 to 24 inches,52.07,40 to 80 pounds,27,10 to 14 years,12,2.4,2,2,4,1,3,3,3.67,4,4,3,4,3.6,4,3,3,4,4,4,3,2,4,3,3,3,4,3.67,4,3,4,4
Labsky,https://dogtime.com/dog-breeds/labsky,Very Large,Mixed Breed Dogs,20 to 28 inches,60.96,40 to 60 pounds,22.5,10 to 12 years,11,2.6,2,2,2,2,5,1,4,5,4,3,3,3,4,2,2,3,4,4,4,4,5,3,4,4,4,4.67,5,4,5,5
Lagotto Romagnolo,https://dogtime.com/dog-breeds/lagotto-romagnolo,Large,Sporting Dogs,14 to 19 inches,41.91,24 to 35 pounds,13.28,14 to 17 years,16,3.2,2,4,3,3,4,3,3,3,3,3,3,2.2,1,2,1,4,3,2,3.4,4,4,2,4,3,3,3.33,4,2,4,4
Lakeland Terrier,https://dogtime.com/dog-breeds/lakeland-terrier,Medium,Terrier Dogs,13 to 14 inches tall at the shoulder,34.29,15 to 17 pounds,7.2,12 to 15 years,14,3.2,4,3,3,2,4,4,4,5,4,3,3,2.6,2,1,2,5,3,2,3,2,4,1,4,4,3,4.33,5,4,4,4
Lancashire Heeler,https://dogtime.com/dog-breeds/lancashire-heeler,Medium,Herding Dogs,10 to 12 inches tall at the shoulder,27.94,13 to 15 pounds,6.3,9 to 14 years,12,2.6,2,2,3,3,3,3,3.33,4,3,3,2,3.2,3,1,4,4,4,1,2.6,3,4,2,2,2,4,3.67,4,4,3,4
Leonberger,https://dogtime.com/dog-breeds/leonberger,Very Large,Working Dogs,25 to 31 inches tall at the shoulder,71.12,120 to 170 pounds,65.25,10 to 12 years,11,2.6,1,1,4,2,5,1,4,5,4,3,2,3.4,5,3,4,1,4,5,3.2,2,3,4,4,3,2,4,4,4,4,4
Lhasa Apso,https://dogtime.com/dog-breeds/lhasa-apso,Medium,Companion Dogs,9 to 11 inches tall at the shoulder,25.4,12 to 15 pounds,6.08,12 to 15 years,14,4.4,5,5,5,4,3,2,3.67,4,4,3,2,2.2,3,1,1,3,3,1,3.6,3,4,3,4,4,2,3.33,4,3,3,5
Lhasapoo,https://dogtime.com/dog-breeds/lhasapoo,Medium,Mixed Breed Dogs,9 to 13 inches,27.94,10 to 15 pounds,5.62,10 to 15 years,12,3,4,2,4,2,3,3,3.33,4,3,3,1,2.4,1,1,3,4,3,3,3.2,3,5,2,2,4,2,3.67,4,4,3,4
Lowchen,https://dogtime.com/dog-breeds/lowchen,Medium,Companion Dogs,12 to 14 inches tall at the shoulder,33.02,9 to 18 pounds,6.08,13 to 15 years,14,3.2,5,4,3,1,3,3,4.67,5,5,4,4,3,3,1,3,5,3,1,4,5,4,3,4,4,5,3.67,4,3,4,5
Maltese,https://dogtime.com/dog-breeds/maltese,Small,Companion Dogs,8 to 10 inches tall at the shoulder,22.86,Up to 7 pounds,3.15,12 to 15 years,14,3.2,5,5,4,1,1,3,4,5,3,4,2,2.2,2,1,2,3,3,1,3.8,4,4,3,4,4,1,2.67,3,3,2,4
Maltese Shih Tzu,https://dogtime.com/dog-breeds/maltese-shih-tzu,Small,Hybrid Dogs,From 10 inches tall at the shoulder,25.4,6 to 12 pounds,4.05,12 to 14 years,13,3.6,5,5,3,3,2,2,3.33,4,3,3,3,1.8,1,1,2,2,3,1,4,4,3,4,5,4,1,2.67,3,2,3,3
Maltipoo,https://dogtime.com/dog-breeds/maltipoo,Medium,Hybrid Dogs,8 to 14 inches tall at the shoulder,27.94,5 to 20 pounds,5.62,10 to 13 years,12,3.6,5,5,5,1,2,3,4.33,5,4,4,4,1.8,1,1,3,2,2,2,3.8,5,4,3,2,5,4,2.67,3,3,2,4
Manchester Terrier,https://dogtime.com/dog-breeds/manchester-terrier,Medium,Terrier Dogs,15 to 16 inches tall at the shoulder,39.37,12 to 22 pounds,7.65,14 to 16 years,15,3,5,3,3,3,1,3,3.33,4,3,3,3,3,3,1,5,2,4,2,3.2,2,4,2,4,4,4,4,4,4,4,4
Maremma Sheepdog,https://dogtime.com/dog-breeds/maremma-sheepdog,Very Large,Working Dogs, 23.5 to 28.5 inches,38.74,65 to 100 pounds,37.12,11 to 13 years,12,2.4,1,1,4,2,4,2,4,4,4,4,1,4,5,3,2,5,5,4,2.2,1,5,2,1,2,2,4,4,4,4,2
Mastador,https://dogtime.com/dog-breeds/mastador,Very Large,Mixed Breed Dogs,28 to 36 inches,81.28,85 to 160 pounds ,55.12,10 to 12 years ,11,2.8,1,2,4,3,4,2,4.33,5,5,3,3,4,4,4,4,4,4,4,3.2,4,4,4,2,2,2,4,4,4,4,4
Mastiff,https://dogtime.com/dog-breeds/mastiff,Very Large,Working Dogs,27 to 32 inches tall at the shoulder,74.93,130 to 220 pounds,78.75,6 to 10 years,8,2.6,2,1,3,3,4,1,4,5,5,2,2,3.6,3,5,3,3,4,5,2.6,3,2,4,2,2,1,3.33,3,3,4,4
Miniature Pinscher,https://dogtime.com/dog-breeds/miniature-pinscher,Small,Companion Dogs,10 to 12 inches tall at the shoulder,27.94,8 to 11 pounds,4.28,10 to 14 years,12,3.2,5,3,5,2,1,3,3.33,5,3,2,3,3.2,2,1,5,3,5,1,3.2,3,3,2,3,5,5,3.67,4,3,4,5
Miniature Schnauzer,https://dogtime.com/dog-breeds/miniature-schnauzer,Medium,Terrier Dogs,13 to 14 inches tall at the shoulder,34.29,11 to 20 pounds,6.98,12 to 14 years,13,4,4,3,4,5,4,4,3.67,5,3,3,3,2.4,2,1,2,3,4,2,3.6,5,4,2,4,3,3,4.33,5,3,5,4
Morkie,https://dogtime.com/dog-breeds/morkie,Small,Mixed Breed Dogs,4 to 8 inches,15.24,7 to 13 pounds,4.5,10 to 14 years,12,2.4,3,2,3,2,2,3,3,4,3,2,3,2.6,1,1,3,4,4,1,4,3,4,5,3,5,2,3.67,4,3,4,5
Mountain Cur,https://dogtime.com/dog-breeds/mountain-cur,Very Large,Working Dogs,16 to 26 inches,53.34,30 to 60 pounds,20.25,10 to 16 years,13,2.2,1,1,3,2,4,4,3.67,4,4,3,2,2.6,2,1,4,5,1,4,3.2,2,4,2,5,3,4,4.33,4,4,5,4
Mountain Feist,https://dogtime.com/dog-breeds/mountain-feist,Medium,Terrier Dogs,10 to 22 inches,40.64,10 to 30 pounds,9,10 to 18 years,14,2.8,2,1,4,3,4,3,3.67,5,3,3,2,3.4,3,4,5,4,1,2,3.8,3,3,4,5,4,4,4,4,4,4,5
Mudi,https://dogtime.com/dog-breeds/mudi,Medium,Herding Dogs,14 to 20 inches,43.18,18 to 29 pounds,10.58,12 to 14 years,13,3,2,4,4,2,3,3,2.67,4,2,2,2,2.8,3,1,4,4,2,2,4,5,4,3,4,4,4,3.33,4,2,4,4
Neapolitan Mastiff,https://dogtime.com/dog-breeds/neapolitan-mastiff,Very Large,Working Dogs,24 to 31 inches tall at the shoulder,69.85,120 to 200 pounds,72,8 to 10 years,9,1.8,2,1,4,1,1,2,3.67,5,4,2,1,3.6,3,5,3,2,5,5,2,3,3,2,1,1,1,2.33,3,1,3,4
Newfoundland,https://dogtime.com/dog-breeds/newfoundland,Very Large,Working Dogs,25 inch to 29 inches tall at the shoulder,68.58,100 to 150 pounds,56.25,8 to 10 years,9,2.8,1,3,4,1,5,2,4.67,5,5,4,4,3.4,5,5,2,1,4,5,4,5,4,3,4,4,3,2.33,3,1,3,4
Norfolk Terrier,https://dogtime.com/dog-breeds/norfolk-terrier,Small,Terrier Dogs,9 to 10 inches tall at the shoulder,24.13,11 to 12 pounds,5.18,12 to 15 years,14,4,4,5,4,3,4,4,4.67,5,4,5,4,3.2,1,1,4,5,5,1,3,5,4,2,1,3,4,4,4,4,4,5
Northern Inuit Dog,https://dogtime.com/dog-breeds/northern-inuit-dog,Very Large,Hybrid Dogs,23 to 32 inches,69.85,55 to 110 pounds,37.12,12 to 15 years,14,2.4,1,1,4,1,5,3,4,5,4,3,5,2.8,5,1,2,4,2,4,3.8,2,4,4,4,5,5,4.67,5,4,5,5
Norwegian Buhund,https://dogtime.com/dog-breeds/norwegian-buhund,Large,Herding Dogs,16 to 18 inches tall at the shoulder,43.18,26 to 40 pounds,14.85,12 to 15 years,14,3.6,3,3,3,4,5,2,4.33,5,5,3,3,2.6,3,1,2,4,3,3,3.2,4,3,3,2,4,4,4.33,4,4,5,5
Norwegian Elkhound,https://dogtime.com/dog-breeds/norwegian-elkhound,Very Large,Hound Dogs,19 to 20 inches tall at the shoulder,49.53,44 to 51 pounds,21.38,12 to 15 years,14,3.8,4,4,4,2,5,3,4.33,5,4,4,4,3.4,5,1,3,4,4,3,3.4,2,4,3,4,4,4,4.33,5,3,5,4
Norwegian Lundehund,https://dogtime.com/dog-breeds/norwegian-lundehund,Medium,Working Dogs,12 inches to 15 inches tall at the shoulder,34.29,13 to 16 pounds,6.52,10 to 12 years,11,2.4,1,1,3,2,5,3,5,5,5,5,5,3.2,5,1,4,3,3,3,3,4,5,3,2,1,5,4.33,4,4,5,5
Norwich Terrier,https://dogtime.com/dog-breeds/norwich-terrier,Medium,Terrier Dogs,Up to 10 inches tall at the shoulder,25.4,Up to 12 pounds,5.4,10 to 14 years,12,3.6,5,3,4,2,4,4,5,5,5,5,5,2.8,2,1,2,4,5,1,3.8,4,4,4,3,4,4,4.33,5,4,4,5
Nova Scotia Duck Tolling Retriever,https://dogtime.com/dog-breeds/nova-scotia-duck-tolling-retriever,Large,Sporting Dogs,17 inches to 21 inches tall at the shoulder,48.26,35 to 50 pounds,19.12,10 to 14 years,12,3.4,5,3,3,2,4,4,4.67,5,5,4,4,3.4,3,1,5,4,4,3,4.4,4,5,4,5,4,3,4.33,5,3,5,5
Old English Sheepdog,https://dogtime.com/dog-breeds/old-english-sheepdog,Very Large,Herding Dogs,Up to 22 inches long,55.88,80 to 100 pounds,40.5,10 to 12 years,11,3.8,5,4,4,2,4,2,4.33,5,4,4,4,2.8,1,4,1,4,4,4,2.6,3,4,2,3,1,2,3.67,4,3,4,4
Otterhound,https://dogtime.com/dog-breeds/otterhound,Very Large,Hound Dogs,24 to 27 inches tall,64.77,80 to 115 pounds,43.88,10 to 12 years,11,3.2,1,4,2,5,4,3,5,5,5,5,4,2.8,4,1,2,4,3,4,3.2,2,4,3,5,2,5,4.67,5,4,5,5
Papillon,https://dogtime.com/dog-breeds/papillon,Small,Companion Dogs,8 to 11 inches tall at the shoulder,24.13,4 to 9 pounds,2.92,12 to 16 years,14,3.2,5,5,3,1,2,4,4,5,3,4,5,2.4,2,1,3,3,3,1,3.6,5,4,3,4,2,1,4,4,3,5,5
Papipoo,https://dogtime.com/dog-breeds/papipoo,Small,Mixed Breed Dogs,10 to 11 inches,26.67,6 to 14 pounds,4.5,10 to 14 years,12,3.4,5,5,4,1,2,4,4,5,3,4,4,2,1,1,2,3,3,1,3.6,5,5,3,3,2,2,4.33,5,3,5,5
Patterdale Terrier,https://dogtime.com/dog-breeds/patterdale-terrier,Medium,Terrier Dogs,12 to 15 inches,34.29,11 to 13 pounds ,5.4,11 to 14 years,12,2.4,1,2,4,1,4,4,4,4,4,4,4,2.8,2,1,4,4,3,2,3.8,3,5,4,5,2,4,4,4,4,4,4
Peekapoo,https://dogtime.com/dog-breeds/peekapoo,Medium,Hybrid Dogs,Up to 11 inches tall at the shoulder,27.94,4 to 20 pounds,5.4,10 to 15 years,12,3.8,5,5,4,2,3,2,4.33,5,4,4,3,2.4,2,1,2,3,4,1,3.6,3,4,4,3,4,1,2.67,3,2,3,4
Pekingese,https://dogtime.com/dog-breeds/pekingese,Small,Companion Dogs,6 to 9 inches tall at the shoulder,19.05,7 to 14 pounds,4.73,12 to 15 years,14,3.6,5,4,2,3,4,1,3,5,2,2,2,2.2,4,1,1,2,3,1,3.8,3,4,3,5,4,3,1.67,2,1,2,3
Pembroke Welsh Corgi,https://dogtime.com/dog-breeds/pembroke-welsh-corgi,Large,Herding Dogs,10 to 12 inches tall at the shoulder,27.94,Up to 30 pounds,13.5,12 to 14 years,13,3.8,4,4,4,3,4,3,4,5,4,3,5,3.4,5,1,4,3,4,2,4,5,5,2,3,5,2,3.67,4,3,4,4
Petit Basset Griffon VendÃ©en,https://dogtime.com/dog-breeds/petit-basset-griffon-vendeen,Large,Hound Dogs,13 to 15 inches tall at the shoulder,35.56,30 to 40 pounds,15.75,Starts at 14 years,14,3.4,4,3,3,3,4,3,5,5,5,5,5,2.8,4,1,2,3,4,2,3.6,1,4,3,5,5,5,4.67,5,4,5,5
Pharaoh Hound,https://dogtime.com/dog-breeds/pharaoh-hound,Very Large,Hound Dogs,21 to 25 inches tall at the shoulder,58.42,45 to 55 pounds,22.5,11 to 14 years,12,3.2,4,4,5,2,1,5,5,5,5,5,4,3,2,1,4,5,3,3,4,3,4,4,5,4,4,3,2,3,4,4
Pitsky,https://dogtime.com/dog-breeds/pitsky,Very Large,Mixed Breed Dogs,16 to 25 inches ,52.07,30 to 80 pounds ,24.75,12 to 16 years ,14,2.2,2,1,4,1,3,3,4.33,5,5,3,5,3,4,2,3,4,2,3,3.4,3,3,4,3,4,4,4.33,4,4,5,5
Plott,https://dogtime.com/dog-breeds/plott,Very Large,Hound Dogs,20 to 27 inches tall at the shoulder,59.69,40 to 75 pounds,25.88,12 to 14 years,13,2,1,1,4,2,2,4,4,4,3,5,3,3.2,2,1,5,5,3,3,3.2,4,3,3,5,1,5,4.33,4,4,5,3
Pocket Beagle,https://dogtime.com/dog-breeds/pocket-beagle,Small,Hound Dogs,7 to 12 inches tall at the shoulder,24.13,7 to 15 pounds,4.95,Starts at 10 years,10,3,4,3,4,2,2,4,5,5,5,5,4,3.4,3,1,5,3,5,2,3.8,3,4,4,3,5,5,4,4,4,4,4
Pointer,https://dogtime.com/dog-breeds/pointer,Very Large,Sporting Dogs,23 inches to 28 inches tall at the shoulder,64.77,45 to 75 pounds,27,12 to 15 years,14,1.6,1,1,3,1,2,4,5,5,5,5,5,3,3,1,5,3,3,3,4.6,5,5,5,5,3,5,5,5,5,5,5
Polish Lowland Sheepdog,https://dogtime.com/dog-breeds/polish-lowland-sheepdog,Very Large,Herding Dogs,17 to 20 inches tall at the shoulder,46.99,35 to 55 pounds,20.25,10 to 12 years,11,3.4,4,2,4,3,4,4,4,5,4,3,3,2,1,1,1,4,3,3,3.2,4,4,3,3,2,3,3.67,4,3,4,4
Pomapoo,https://dogtime.com/dog-breeds/pomapoo,Small,Mixed Breed Dogs,8 to 10 inches,22.86,5 to 15 pounds,4.5,12 to 15 years ,14,3.6,5,5,4,1,3,2,3.67,5,3,3,3,2.4,3,1,1,3,4,1,3.2,4,4,3,2,3,1,3,3,3,3,4
Pomchi,https://dogtime.com/dog-breeds/pomchi,Small,Mixed Breed Dogs,6 to 10 inches,20.32,4 to 12 pounds,3.6,12 to 18 years,15,3,4,3,3,3,2,4,3.33,4,3,3,3,3,3,1,2,5,4,1,3.6,3,4,4,3,4,3,3.33,3,4,3,4
Pomeagle,https://dogtime.com/dog-breeds/pomeagle,Medium,Mixed Breed Dogs,6 to 11 inches ,21.59,5 to 25 pounds ,6.75,12 to 15 years ,14,3.2,4,4,4,1,3,2,3.67,5,3,3,3,2.8,4,1,2,3,4,1,3.2,3,2,3,3,5,4,3.33,4,3,3,4
Pomeranian,https://dogtime.com/dog-breeds/pomeranian,Very Small,Companion Dogs,7 to 12 inches tall at the shoulder,24.13,3 to 7 pounds,2.25,12 to 16 years,14,3.4,4,4,4,1,4,2,3,5,2,2,3,2.8,4,1,2,3,4,1,3.4,4,4,2,2,5,1,2.33,3,2,2,3
Pomsky,https://dogtime.com/dog-breeds/pomsky,Medium,Mixed Breed Dogs,10 to 15 inches,31.75,7 to 38 pounds,10.12,12 to 15 years,14,3.4,5,2,4,1,5,3,3.33,5,2,3,3,2.6,4,1,2,3,3,2,3.8,3,4,3,4,5,2,3,4,2,3,4
Poochon,https://dogtime.com/dog-breeds/poochon,Small,Mixed Breed Dogs,9 to 15 inches ,30.48,6 to 17 pounds ,5.18,12 to 15 years,14,3.8,5,5,5,1,3,4,4.67,5,5,4,4,2,1,1,1,3,4,2,3.4,5,4,3,3,2,2,3.67,4,3,4,5
Poodle,https://dogtime.com/dog-breeds/poodle,Large,Companion Dogs,From 10 to over 22 inches tall at the shoulder,40.64,6 to 70 pounds,17.1,12 to 15 years,14,3.6,5,5,4,1,3,4,4.67,5,5,4,4,1.8,1,1,1,2,4,4,3.6,5,5,4,2,2,3,3.67,4,3,4,5
Portuguese Podengo Pequeno,https://dogtime.com/dog-breeds/portuguese-podengo-pequeno,Small,Hound Dogs,8 to 12 inches,25.4,9 to 13 pounds,4.95,12 to 15 years,14,3.4,5,4,3,3,2,3,4,4,4,4,4,2.8,3,1,4,4,2,1,3.6,4,3,3,4,4,3,3.67,5,3,3,3
Portuguese Pointer,https://dogtime.com/dog-breeds/portuguese-pointer,Very Large,Sporting Dogs,20 to 22 inches,53.34,35 to 59 pounds,21.15,12 to 14 years,13,2,1,1,4,1,3,3,3.33,4,4,2,4,3.2,1,3,4,4,4,3,3.4,4,4,3,4,2,3,4.33,4,5,4,4
Portuguese Sheepdog,https://dogtime.com/dog-breeds/portuguese-sheepdog,Very Large,Herding Dogs,16 to 22 inches ,48.26,37 to 59 pounds ,21.6,12 to 13 years ,12,2.8,2,2,4,2,4,3,4,4,4,4,2,3.2,2,1,4,5,4,4,3.4,3,5,3,2,4,2,3.67,4,3,4,3
Portuguese Water Dog,https://dogtime.com/dog-breeds/portuguese-water-dog,Very Large,Working Dogs,17 inches to 23 inches tall at the shoulder,50.8,35 to 60 pounds,21.38,10 to 14 years,12,3.4,4,3,4,2,4,3,5,5,5,5,3,2.2,1,1,2,4,3,3,4,4,5,5,3,3,3,4.33,5,3,5,5
Pudelpointer,https://dogtime.com/dog-breeds/pudelpointer,Very Large,Working Dogs,21 to 27 inches,60.96,40 to 65 pounds,23.62,10 to 14 years,12,2.2,2,3,1,2,3,3,3.33,4,3,3,3,3,3,2,3,4,3,4,3.4,4,4,3,4,2,4,4,4,3,5,3
Pug,https://dogtime.com/dog-breeds/pug,Medium,Companion Dogs,10 to 14 inches tall at the shoulder,30.48,14 to 18 pounds,7.2,12 to 15 years,14,3.2,5,5,3,1,2,1,4.33,5,4,4,4,3.4,5,1,5,1,5,2,2.4,3,2,2,3,2,2,3.33,3,4,3,5
Pugalier,https://dogtime.com/dog-breeds/pugalier,Medium,Mixed Breed Dogs,10 to 14 inches,30.48,10 to 20 pounds,6.75,12 to 15 years ,14,3.8,5,5,5,2,2,2,5,5,5,5,5,3.4,4,1,4,3,5,2,3.2,4,3,3,3,3,2,3,3,3,3,5
Puggle,https://dogtime.com/dog-breeds/puggle,Medium,Hybrid Dogs,13 to 15 inches tall at the shoulder,35.56,18 to 30 pounds,10.8,10 to 15 years,12,3.6,4,5,3,3,3,3,4.33,3,5,5,5,3.6,3,1,5,4,5,2,2.8,2,3,3,2,4,5,2.67,3,2,3,3
Puginese,https://dogtime.com/dog-breeds/puginese,Medium,Mixed Breed Dogs,6 to 14 inches,25.4,7 to 18 pounds,5.62,12 to 14 years,13,4,5,3,5,4,3,1,3,4,3,2,2,3.2,3,1,4,3,5,2,2.25,2,2,2,,3,1,3,3,3,3,4
Puli,https://dogtime.com/dog-breeds/puli,Large,Herding Dogs,16 to 17 inches tall at the shoulder,41.91,25 to 35 pounds,13.5,10 to 15 years,12,3,4,1,4,2,4,3,5,5,5,5,2,2.2,1,1,1,5,3,3,3.4,2,4,3,4,4,5,5,5,5,5,5
Pyredoodle,https://dogtime.com/dog-breeds/pyredoodle,Very Large,Mixed Breed Dogs,15 to 32 inches,59.69,85 to 100 pounds,41.62,10 to 12 years,11,3.4,3,4,3,3,4,3,4.33,5,4,4,3,2.8,2,2,3,4,3,4,3.2,3,5,3,2,3,5,3.67,4,3,4,5
Pyrenean Mastiff,https://dogtime.com/dog-breeds/pyrenean-mastiff,Very Large,Working Dogs,24 to 31 inches,69.85,130 to 200 pounds,74.25,10 to 13 years,12,3.2,2,2,4,4,4,3,4,4,4,4,1,3.4,3,5,3,4,2,5,2.8,3,4,2,2,3,1,3.67,4,4,3,3
Pyrenean Shepherd,https://dogtime.com/dog-breeds/pyrenean-shepherd,Large,Herding Dogs,15 to 21 inches tall at the shoulder,45.72,25 to 30 pounds,12.38,15 to 17 years,16,3.2,5,2,4,1,4,3,4,5,5,2,2,2.4,3,1,3,2,3,2,3.6,2,4,3,4,5,2,4.67,4,5,5,5
Rat Terrier,https://dogtime.com/dog-breeds/rat-terrier,Medium,Terrier Dogs,13 to 16 inches tall at the shoulder,36.83,10 to 25 pounds,7.88,13 to 18 years,16,3.2,5,3,4,3,1,4,4,4,5,3,4,3.4,4,1,5,4,3,1,3.8,5,4,2,4,4,4,4.33,5,4,4,5
Redbone Coonhound,https://dogtime.com/dog-breeds/redbone-coonhound,Very Large,Hound Dogs,21 to 27 inches tall at the shoulder,60.96,45 to 70 pounds,25.88,10 to 12 years,11,3.2,4,2,5,2,3,2,4.67,5,5,4,3,3.4,2,4,5,3,3,3,3.8,3,4,4,4,4,5,4.33,4,4,5,5
Rhodesian Ridgeback,https://dogtime.com/dog-breeds/rhodesian-ridgeback,Very Large,Hound Dogs,24 to 27 inches tall at the shoulder,64.77,70 to 85 pounds,34.88,10 to 12 years,11,2.4,1,2,4,2,3,3,4.33,5,4,4,3,3.4,4,1,5,4,3,4,3,2,4,3,5,1,5,4.33,4,4,5,5
Rottador,https://dogtime.com/dog-breeds/rottador,Very Large,Mixed Breed Dogs,24 to 27 inches,64.77,70 to 115 pounds,41.62,10 to 12 years,11,3,3,2,5,1,4,3,4,5,4,3,3,4,4,4,5,2,5,4,4,4,5,4,3,4,3,5,5,5,5,5
Rottle,https://dogtime.com/dog-breeds/rottle,Very Large,Mixed Breed Dogs,12 to 27 inches,49.53,60 to 90 pounds,33.75,9 to 15 years,12,3.2,4,3,3,3,3,3,4,5,4,3,3,3,2,2,4,4,3,3,3.6,5,5,3,3,2,2,3.67,4,3,4,5
Rottweiler,https://dogtime.com/dog-breeds/rottweiler,Very Large,Working Dogs,22 to 27 inches tall at the shoulder,62.23,85 to 130 pounds,48.38,8 to 11 years,10,2,2,1,4,1,2,3,3.67,5,4,2,4,4,4,4,5,2,5,3,4,4,5,3,4,4,2,4,4,4,4,5
Saint Berdoodle,https://dogtime.com/dog-breeds/saint-berdoodle,Very Large,Mixed Breed Dogs,15 to 30 inches,57.15,40 to 180 pounds,49.5,8 to 12 years,10,3.2,2,5,3,2,4,3,5,5,5,5,4,3,3,1,4,4,3,4,3.4,4,4,3,3,3,3,3,3,3,3,3
Saint Bernard,https://dogtime.com/dog-breeds/saint-bernard,Very Large,Working Dogs,26 inches to 30 inches tall at the shoulder,71.12,120 to 180 pounds,67.5,8 to 10 years,9,3,3,2,4,1,5,1,5,5,5,5,5,3.4,4,5,2,2,4,5,2.2,2,4,3,1,1,2,2.33,3,2,2,4
Saluki,https://dogtime.com/dog-breeds/saluki,Very Large,Hound Dogs,23 to 28 inches tall at the shoulder,64.77,35 to 70 pounds,23.62,12 to 14 years,13,2.2,1,2,5,1,2,3,4.33,5,4,4,1,2.4,2,1,4,4,1,4,3.6,4,4,4,5,1,5,4,5,2,5,5
Samoyed,https://dogtime.com/dog-breeds/samoyed,Very Large,Working Dogs,19 inches to 24 inches tall at the shoulder,54.61,50 to 60 pounds,24.75,12 to 14 years,13,3,2,2,4,2,5,1,5,5,5,5,5,3,5,2,1,3,4,3,3.4,3,3,3,5,3,4,4,5,2,5,5
Samusky,https://dogtime.com/dog-breeds/samusky,Very Large,Mixed Breed Dogs,20 to 24 inches,55.88,45 to 60 pounds,23.62,12 to 15 years,14,3,2,3,3,2,5,3,4.33,4,5,4,4,3,4,2,2,3,4,4,3.2,3,5,3,3,2,4,4,5,3,4,5
Schipperke,https://dogtime.com/dog-breeds/schipperke,Medium,Companion Dogs,10 to 15 inches tall at the shoulder,31.75,11 to 18 pounds,6.52,13 to 15 years,14,3.2,4,2,4,3,3,2,3.67,4,5,2,2,3.6,3,1,5,4,5,1,3,2,4,3,2,4,5,4.33,5,3,5,5
Schnoodle,https://dogtime.com/dog-breeds/schnoodle,Very Large,Hybrid Dogs,10 to 26 inches tall at the shoulder,45.72,20 to 75 pounds,21.38,10 to 15 years,12,3.2,3,5,4,2,2,4,4,4,5,3,3,2.8,2,1,4,3,4,4,3.4,4,5,3,3,2,3,3.67,4,3,4,4
Scottish Deerhound,https://dogtime.com/dog-breeds/scottish-deerhound,Very Large,Hound Dogs,28 to 32 inches tall at the shoulder,76.2,75 to 110 pounds,41.62,8 to 11 years,10,2.2,1,1,3,2,4,4,3.67,5,4,2,5,3,5,1,2,3,4,5,3,2,3,4,5,1,4,5,5,5,5,5
Scottish Terrier,https://dogtime.com/dog-breeds/scottish-terrier,Medium,Terrier Dogs,Up to 10 inches tall at the shoulder,25.4,18 to 22 pounds,9,11 to 13 years,12,3.4,4,2,4,3,4,3,4.33,5,4,4,4,2.4,2,1,2,4,3,2,3,1,4,3,3,4,5,4,4,4,4,4
Sealyham Terrier,https://dogtime.com/dog-breeds/sealyham-terrier,Medium,Terrier Dogs,Up to 10 inches tall at the shoulder,25.4,22 to 24 pounds,10.35,12 to 14 years,13,3.6,4,4,4,2,4,3,4,4,4,4,3,3.2,4,3,1,5,3,2,3,3,4,2,2,4,3,3.33,4,2,4,4
Sheepadoodle,https://dogtime.com/dog-breeds/sheepadoodle,Very Large,Mixed Breed Dogs,16 to 22 inches,48.26,60 to 80 pounds,31.5,12 to 15 years,14,3.8,4,4,5,2,4,3,4.67,5,5,4,4,2.6,1,1,3,4,4,4,2.8,3,5,3,1,2,2,3.67,4,3,4,5
Shepsky,https://dogtime.com/dog-breeds/shepsky,Very Large,Mixed Breed Dogs,20 to 25 inches,57.15,45 to 88 pounds ,29.92,10 to 14 years ,12,2.4,1,1,4,2,4,3,4,5,4,3,4,3,4,2,3,4,2,4,4,4,5,4,4,3,2,4.67,5,4,5,5
Shetland Sheepdog,https://dogtime.com/dog-breeds/shetland-sheepdog,Medium,Herding Dogs,13 to 16 inches tall at the shoulder,36.83,Starts at 20 pounds,9,12 to 15 years,14,3.2,2,3,5,2,4,3,4.67,5,5,4,5,3,5,1,2,4,3,2,3.6,5,5,1,3,4,2,3.33,4,2,4,4
Shiba Inu,https://dogtime.com/dog-breeds/shiba-inu,Medium,Companion Dogs,13 to 17 inches tall at the shoulder,38.1,17 to 23 pounds,9,12 to 16 years,14,4.2,5,4,3,5,4,3,3.33,4,3,3,3,2.8,4,1,4,3,2,2,3.4,2,4,4,3,4,4,3,4,2,3,3
Shichon,https://dogtime.com/dog-breeds/shichon,Medium,Mixed Breed Dogs,9 to 12 inches,26.67,9 to 15 pounds,5.4,12 to 18 years,15,3.2,5,4,4,1,2,2,4.67,5,5,4,4,2.6,1,1,4,4,3,2,2.2,3,4,1,1,2,1,3,4,2,3,5
Shih-Poo,https://dogtime.com/dog-breeds/shih-poo,Medium,Mixed Breed Dogs,8 to 18 inches ,33.02,8 to 18 pounds ,5.85,13 to 17+ years ,15,3.2,5,2,4,2,3,2,3.33,5,3,2,4,2.2,1,1,2,3,4,1,2.6,2,4,3,2,2,2,2,3,1,2,4
Shih Tzu,https://dogtime.com/dog-breeds/shih-tzu,Medium,Companion Dogs,9 to 10 inches tall at the shoulder,24.13,9 to 16 pounds,5.62,10 to 16 years,13,3.8,5,5,3,3,3,1,4.33,5,4,4,5,2.4,3,1,1,3,4,1,3.4,3,4,4,4,2,2,2.33,2,3,2,4
Shikoku,https://dogtime.com/dog-breeds/shikoku,Very Large,Companion Dogs,17 to 22 inches,49.53,35 to 55 pounds,20.25,10 to 12 years,11,3.2,3,2,3,3,5,4,3,4,3,2,2,3.6,4,1,4,5,4,3,2.8,2,4,2,4,2,3,3,3,3,3,2
Shiloh Shepherd,https://dogtime.com/dog-breeds/shiloh-shepherd,Very Large,Working Dogs,26 to 30 inches ,71.12,80 to 130 pounds ,47.25,9 to 14 years ,12,2.8,1,2,4,2,5,4,4.67,5,5,4,5,3.6,4,3,4,3,4,5,3.8,5,5,4,1,4,3,4,4,4,4,5
Shiranian,https://dogtime.com/dog-breeds/shiranian,Small,Mixed Breed Dogs,7 to 12 inches,24.13,4 to 16 pounds ,4.5,12 to 16 years,14,3.2,4,4,4,2,2,1,3.67,5,3,3,4,2.2,2,2,2,2,3,2,2,2,4,1,1,2,2,2.33,2,3,2,4
Shollie,https://dogtime.com/dog-breeds/shollie,Very Large,Mixed Breed Dogs,21 to 29 inches,63.5,70 to 80 pounds,33.75,13 to 15 years,14,2.4,1,2,3,2,4,4,3.67,4,4,3,2,3.2,4,2,3,3,4,4,3.4,4,4,3,3,3,4,4.33,5,4,4,4
Shorkie,https://dogtime.com/dog-breeds/shorkie,Small,Mixed Breed Dogs,6 to 14 inches,25.4,5 to 15 pounds ,4.5,11 to 16 years ,14,2.8,5,3,3,1,2,2,3,4,3,2,3,2.4,2,1,4,2,3,1,3,2,3,2,4,4,3,3,4,3,2,5
Siberian Husky,https://dogtime.com/dog-breeds/siberian-husky,Very Large,Working Dogs,20 to 23 inches tall at the shoulder,54.61,35 to 60 pounds,21.38,12 to 15 years,14,2.6,2,1,4,1,5,3,5,5,5,5,5,3,4,3,2,4,2,3,3.4,2,3,4,3,5,5,4.33,5,3,5,5
Silken Windhound,https://dogtime.com/dog-breeds/silken-windhound,Large,Hound Dogs,18 to 23.5 inches,38.95,20 to 55 pounds,16.88,14 to 20 years,17,3.6,4,4,4,2,4,4,4,5,4,3,4,2.8,2,2,4,4,2,3,3.6,5,4,3,5,1,4,3.33,4,2,4,5
Silky Terrier,https://dogtime.com/dog-breeds/silky-terrier,Small,Companion Dogs,9 to 10 inches tall at the shoulder,24.13,8 to 10 pounds,4.05,12 to 15 years,14,3,5,3,3,3,1,4,3,4,3,2,3,2.8,2,1,4,4,3,1,3.8,4,4,2,5,4,3,3.67,4,4,3,4
Skye Terrier,https://dogtime.com/dog-breeds/skye-terrier,Large,Terrier Dogs,9 to 10 inches tall at the shoulder,24.13,25 to 40 pounds,14.62,12 to 14 years,13,3.4,4,4,3,2,4,4,3.33,4,4,2,5,3,3,1,3,5,3,2,3.4,2,4,3,4,4,4,3.33,3,4,3,4
Sloughi,https://dogtime.com/dog-breeds/sloughi,Very Large,Hound Dogs,24 to 29 inches tall at the shoulder,67.31,40 to 63 pounds,23.18,12 to 16 years,14,3,4,2,4,3,2,3,4.67,5,5,4,3,2.8,3,1,5,3,2,4,3.4,3,4,3,5,2,3,4.33,5,3,5,3
Small Munsterlander Pointer,https://dogtime.com/dog-breeds/small-munsterlander-pointer,Very Large,Sporting Dogs,19 to 22 inches tall at the shoulder,52.07,40 to 60 pounds,22.5,12 to 14 years,13,3,1,2,3,4,5,3,5,5,5,5,4,3,3,1,3,5,3,3,4.2,5,5,3,5,3,4,4.67,4,5,5,4
Soft Coated Wheaten Terrier,https://dogtime.com/dog-breeds/soft-coated-wheaten-terrier,Large,Terrier Dogs,17 to 19 inches tall at the shoulder,45.72,30 to 40 pounds,15.75,12 to 15 years,14,3.4,5,4,4,2,2,3,5,5,5,5,5,2.6,2,1,3,4,3,3,3.2,4,4,2,3,3,4,3.67,4,3,4,5
Spanish Mastiff,https://dogtime.com/dog-breeds/spanish-mastiff,Very Large,Working Dogs,26 to 35 inches,77.47,140 to 220 pounds,81,10 to 12 years,11,2.6,2,1,3,3,4,3,3.33,4,4,2,2,3,3,2,3,4,3,5,2,2,4,2,1,1,2,2.67,3,2,3,4
Spinone Italiano,https://dogtime.com/dog-breeds/spinone-italiano,Very Large,Sporting Dogs,22 to 28 inches,63.5,61 to 86 pounds,33.08,10 to 14 years,12,3.8,4,4,5,2,4,3,5,5,5,5,5,2.8,3,4,2,3,2,4,3.2,4,4,2,4,2,2,3.33,4,2,4,4
Springador,https://dogtime.com/dog-breeds/springador,Very Large,Mixed Breed Dogs,18 to 24 inches,53.34,50 to 90 pounds,31.5,10 to 14 years,12,2.8,2,3,4,1,4,4,3.33,4,3,3,3,3,1,2,4,4,4,4,3.8,5,5,2,4,3,4,3.67,4,3,4,4
Stabyhoun,https://dogtime.com/dog-breeds/stabyhoun,Very Large,Sporting Dogs,19 to 20 inches tall at the shoulder,49.53,45 to 50 pounds,21.38,13 to 14 years,14,2.8,2,3,4,3,2,2,4.67,5,5,4,3,3,3,1,3,5,3,3,3.6,5,5,1,4,3,3,3.67,3,4,4,5
Staffordshire Bull Terrier,https://dogtime.com/dog-breeds/staffordshire-bull-terrier,Large,Terrier Dogs,14 to 16 inches tall at the shoulder,38.1,24 to 38 pounds,13.95,12 to 14 years,13,2.6,3,1,4,2,3,1,3.67,5,5,1,5,3.6,3,3,5,3,4,2,2.4,2,3,2,2,3,4,3.33,3,3,4,5
Staffy Bull Bullmastiff,https://dogtime.com/dog-breeds/staffy-bull-bullmastiff,Very Large,Hybrid Dogs,14 to 27 inches,52.07,38 to 130 pounds,37.8,12 to 16 years,14,2.6,4,1,3,2,3,1,3.33,5,4,1,1,2.8,3,2,4,3,2,4,2,1,3,3,2,1,2,2,1,4,1,3
Standard Schnauzer,https://dogtime.com/dog-breeds/standard-schnauzer,Large,Working Dogs,17 to 20 inches tall at the shoulder,46.99,30 to 50 pounds,18,13 to 16 years,14,3.2,4,2,4,2,4,4,3.67,4,4,3,2,2,1,1,2,5,1,3,3.6,3,5,3,5,2,5,4.33,5,3,5,5
Sussex Spaniel,https://dogtime.com/dog-breeds/sussex-spaniel,Large,Sporting Dogs,13  inch to 15 inches tall at the shoulder,35.56,35 to 45 pounds,18,11 to 14 years,12,4.2,5,5,5,1,5,5,5,5,5,5,5,3.4,3,1,4,4,5,2,3,3,5,2,1,4,1,1.67,2,1,2,4
Swedish Lapphund,https://dogtime.com/dog-breeds/swedish-lapphund,Large,Herding Dogs,16 to 20 inches ,45.72,30 to 45 pounds ,16.88,12 to 14 years,13,3,2,2,4,2,5,2,4,4,4,4,4,2.6,4,2,2,3,2,3,3.8,4,5,4,2,4,2,3.33,3,4,3,4
Swedish Vallhund,https://dogtime.com/dog-breeds/swedish-vallhund,Large,Herding Dogs,11 inches to 13 inch tall at the shoulder,30.48,22 to 35 pounds,12.82,12 to 15 years,14,2.8,3,1,3,3,4,3,4,5,4,3,5,3.6,4,1,5,4,4,3,3.4,5,5,2,4,1,3,4.33,5,3,5,5
Taiwan Dog,https://dogtime.com/dog-breeds/taiwan-dog,Large,Hound Dogs,16 to 21 inches,46.99,25 to 40 pounds,14.62,10 to 13 years,12,2.8,3,2,3,2,4,4,3.67,4,3,4,2,3.4,3,3,4,4,3,3,3.6,4,4,3,4,3,4,3.67,4,3,4,4
Terripoo,https://dogtime.com/dog-breeds/terripoo,Medium,Mixed Breed Dogs,9 to 15 inches,30.48,10 to 14 pounds,5.4,10 to 15 years,12,3.2,5,5,2,1,3,4,4,5,4,3,3,2.2,1,1,3,3,3,1,3.6,4,5,2,4,3,3,4,5,3,4,5
Texas Heeler,https://dogtime.com/dog-breeds/texas-heeler,Large,Mixed Breed Dogs,16 to 22 inches,48.26,25 to 50 pounds,16.88,12 to 15 years,14,3,2,3,3,3,4,3,3.33,4,3,3,3,3.4,4,2,3,3,5,3,3.4,3,5,4,3,2,4,4.33,5,3,5,4
Thai Ridgeback,https://dogtime.com/dog-breeds/thai-ridgeback,Very Large,Companion Dogs,20 to 24 inches,55.88,35 to 75 pounds,24.75,10 to 13 years,12,2.4,2,2,2,2,4,3,2.67,3,2,3,3,3.2,3,2,4,4,3,3,2.8,2,4,2,4,2,4,4,4,4,4,3
Tibetan Mastiff,https://dogtime.com/dog-breeds/tibetan-mastiff,Very Large,Working Dogs,24 inches to 26 inches tall at the shoulder,63.5,75 to 160 pounds,52.88,10 to 14 years,12,2.6,1,1,5,1,5,2,5,5,5,5,2,3,2,2,4,3,4,5,3.2,1,5,5,3,2,3,2.67,4,2,2,5
Tibetan Spaniel,https://dogtime.com/dog-breeds/tibetan-spaniel,Medium,Companion Dogs,From 10 inches tall at the shoulder,25.4,9 to 15 pounds,5.4,12 to 15 years,14,3.2,5,4,5,1,1,2,4.67,5,5,4,3,3.2,3,1,4,5,3,1,3.6,4,4,3,3,4,3,3.33,3,3,4,4
Tibetan Terrier,https://dogtime.com/dog-breeds/tibetan-terrier,Medium,Companion Dogs,14 to 16 inches tall at the shoulder,38.1,20 to 24 pounds,9.9,12 to 15 years,14,3.4,5,3,4,1,4,4,4.67,5,5,4,3,2.2,1,1,1,5,3,2,3.2,4,4,2,2,4,3,4.67,5,4,5,5
Toy Fox Terrier,https://dogtime.com/dog-breeds/toy-fox-terrier,Very Small,Companion Dogs,8 to 11 inches at the shoulder,24.13,3 to 7 pounds,2.25,13 to 14 years,14,3,5,3,4,1,2,3,4,5,4,3,3,3.4,4,1,5,5,2,1,3.6,3,4,2,5,4,4,4.67,5,4,5,5
Transylvanian Hound,https://dogtime.com/dog-breeds/transylvanian-hound,Very Large,Hound Dogs,18 to 25 inches,54.61,55 to 77 pounds,29.7,10 to 12 years,11,2.6,3,2,2,3,3,3,3.33,4,3,3,2,3.4,3,3,4,4,3,3,3.2,2,4,3,4,3,4,4.33,4,4,5,4
Treeing Tennessee Brindle,https://dogtime.com/dog-breeds/treeing-tennessee-brindle,Large,Hound Dogs,16 to 24 inches tall at the shoulder,50.8,30 to 45 pounds,16.88,10 to 12 years,11,2.2,1,2,3,2,3,3,4,4,4,4,3,3.8,4,3,5,4,3,3,3,3,4,3,4,1,1,4.33,4,4,5,3
Treeing Walker Coonhound,https://dogtime.com/dog-breeds/treeing-walker-coonhound,Very Large,Hound Dogs,20 to 27 inches tall at the shoulder,59.69,45 to 80 pounds,28.12,12 to 13 years,12,2.6,1,2,5,2,3,3,3.67,4,4,3,3,3.4,3,2,5,4,3,4,3.6,2,4,3,4,5,5,4.33,4,4,5,3
Valley Bulldog,https://dogtime.com/dog-breeds/valley-bulldog,Very Large,Mixed Breed Dogs,12 to 25 inches,46.99,50 to 125 pounds ,39.38,8 to 12 years,10,2.8,4,3,4,2,1,1,4,5,4,3,4,3.8,4,3,5,3,4,4,3,3,3,2,3,4,1,4,4,4,4,4
Vizsla,https://dogtime.com/dog-breeds/vizsla,Very Large,Sporting Dogs,21 to 24 inches tall at the shoulder,57.15,45 to 65 pounds,24.75,10 to 14 years,12,2.2,1,3,5,1,1,4,5,5,5,5,5,2.8,2,1,5,4,2,3,4,5,4,4,2,5,5,4.67,5,4,5,5
Weimaraner,https://dogtime.com/dog-breeds/weimaraner,Very Large,Sporting Dogs,23 to 27 inches tall at the shoulder,63.5,55 to 85 pounds,31.5,11 to 13 years,12,2.4,1,2,5,1,3,4,4,5,4,3,3,3.6,4,4,5,3,2,4,4.2,4,5,5,5,2,5,5,5,5,5,5
Welsh Springer Spaniel,https://dogtime.com/dog-breeds/welsh-springer-spaniel,Very Large,Sporting Dogs,17 to 19 inches tall at the shoulder,45.72,35 to 55 pounds,20.25,10 to 15 years,12,3.6,4,4,5,1,4,4,4.67,5,5,4,3,3.2,3,1,4,4,4,3,4.2,5,5,3,3,5,5,4.67,5,4,5,4
Welsh Terrier,https://dogtime.com/dog-breeds/welsh-terrier,Medium,Terrier Dogs,14 to 15 inches tall at the shoulder,36.83,Up to 20 pounds,9,10 to 14 years,12,2.6,3,3,3,2,2,2,4.67,4,5,5,4,2.6,2,1,2,5,3,2,3.8,3,5,2,5,4,4,5,5,5,5,5
West Highland White Terrier,https://dogtime.com/dog-breeds/west-highland-white-terrier,Medium,Terrier Dogs,10 to 11 inches tall at the shoulder,26.67,13 to 22 pounds,7.88,12 to 16 years,14,3.6,4,4,4,2,4,3,4.67,5,4,5,3,3,4,1,3,3,4,2,3.6,4,4,2,4,4,3,4,4,4,4,4
Westiepoo,https://dogtime.com/dog-breeds/westiepoo,Large,Mixed Breed Dogs,11 to 17 inches,35.56,20 to 35 pounds,12.38,12 to 15 years,14,3,3,4,4,1,3,3,4,4,4,4,4,3,1,1,5,4,4,2,3.6,4,4,3,4,3,3,4,4,4,4,5
Whippet,https://dogtime.com/dog-breeds/whippet,Large,Hound Dogs,18 to 22 inches tall at the shoulder,50.8,18 to 48 pounds,14.85,12 to 15 years,14,3.2,5,3,5,2,1,4,4.67,5,5,4,4,2.6,2,1,5,4,1,3,3.6,4,4,4,5,1,4,4,5,2,5,5
Whoodle,https://dogtime.com/dog-breeds/whoodle,Large,Mixed Breed Dogs,12 to 20 inches,40.64,20 to 45 pounds,14.62,12 to 15 years,14,2.6,4,1,3,1,4,2,3.67,4,4,3,4,2.4,2,1,3,4,2,3,2,2,4,1,2,1,3,4,4,4,4,4
Wirehaired Pointing Griffon,https://dogtime.com/dog-breeds/wirehaired-pointing-griffon,Very Large,Sporting Dogs,20 to 24 inches tall at the shoulder,55.88,50 to 60 pounds,24.75,10 to 14 years,12,2.6,1,3,4,1,4,3,4.67,5,5,4,5,2.4,1,1,3,4,3,3,4.2,5,5,3,4,4,4,4,5,3,4,5
Xoloitzcuintli,https://dogtime.com/dog-breeds/xoloitzuintli,Large,Companion Dogs,18 inches to 23 inches tall at the shoulder,52.07,10 to 50 pounds,13.5,14 to 20 years,17,3,5,1,5,1,3,3,3.33,5,3,2,1,3,1,1,5,5,3,3,4.2,3,5,3,5,5,5,3,3,3,3,3
Yakutian Laika,https://dogtime.com/dog-breeds/yakutian-laika,Very Large,Working Dogs,20 to 23 inches,54.61,40 to 55 pounds,21.38,10 to 12 years,11,2.6,1,3,3,1,5,3,4.33,5,4,4,4,3.2,4,2,3,4,3,3,3.4,4,4,2,3,4,3,4,4,3,5,4
Yorkipoo,https://dogtime.com/dog-breeds/yorkipoo,Small,Hybrid Dogs,7 to 15 inches tall at the shoulder,27.94,3 to 14 pounds,3.82,10 to 15 years,12,3.8,5,5,4,3,2,3,4,5,4,3,2,2.2,1,1,4,3,2,1,3.8,4,4,3,3,5,2,3.67,5,3,3,4
Yorkshire Terrier,https://dogtime.com/dog-breeds/yorkshire-terrier,Very Small,Companion Dogs,8 to 9 inches tall at the shoulder,21.59,4 to 6 pounds,2.25,12 to 15 years,14,3.6,5,4,5,2,2,2,3,4,2,3,2,2.2,2,1,2,4,2,1,2.6,3,3,2,2,3,3,4.33,5,4,4,5